static const char kernel_config_data[] __used = MAGIC_START
	"\x1f\x8b\x08\x00\x00\x00\x00\x00\x02\x03\x94\x3c\x4b\x73\xdb\x38"
	"\x93\xf7\xf9\x15\xaa\xcc\x1e\x76\xab\x76\x26\x7a\xf8\x59\x5b\x3a"
	"\x80\x24\x28\xe1\x13\x49\xd0\x00\x28\xc9\xbe\xb0\x14\x47\xc9\xba"
	"\xc6\x96\xf2\xc9\x76\x66\xf2\xef\xb7\x1b\x20\x45\x80\x04\x99\xac"
	"\x2b\x87\xb0\xbb\xf1\x6a\x34\xfa\x85\x86\x7e\xff\xed\xf7\x11\x79"
	"\x7f\x3b\xbe\xec\xde\x9e\x1e\x77\xcf\xcf\x3f\x46\x5f\xf7\x87\xfd"
	"\x69\xf7\xb6\xff\x3c\xfa\xf2\xf4\xbc\xff\x9f\x51\xc4\x47\x19\x57"
	"\x23\x1a\x31\xf5\x27\x10\x27\x4f\x87\xf7\x7f\x3e\xee\x4e\x2f\xa3"
	"\x8b\x3f\x27\xf0\xef\xe6\x6a\xb4\xda\x9f\x0e\xfb\xe7\x51\x78\x3c"
	"\x7c\x79\xfa\xfa\x0e\x6d\x9f\x8e\x87\xdf\x7e\xff\x2d\xe4\x59\xcc"
	"\x16\x25\x11\xe9\xfc\x87\xf5\x51\x2e\x89\x2c\xe5\xa2\x0c\x97\x84"
	"\x65\x0d\x26\x65\x8b\xa5\x02\xdc\x9a\x96\x79\xc8\x1a\xb8\xbc\x07"
	"\xea\x22\xcf\xb9\x50\xb2\x24\x79\x5a\xd2\xb4\x48\x88\x62\xdc\x6a"
	"\x6b\x5a\x09\x1e\x96\x61\x5e\x58\x4d\x15\x09\x57\x4a\x90\x90\xd6"
	"\x3d\x34\xb8\x84\x87\xab\x88\xe6\x5d\x84\xa1\x67\xe2\x2e\x4e\xc8"
	"\x42\x76\xf1\x62\x23\x69\x5a\x6e\xc3\xe5\x82\x44\x51\x49\x92\x05"
	"\x17\x4c\x2d\xad\x25\xc6\x6c\x5b\x52\x22\x92\x7b\xf8\x2e\x53\x6a"
	"\x61\x16\x34\xa3\x82\x85\xe5\x72\x43\x71\xb1\x5d\x44\x48\x12\x16"
	"\x08\xa2\x68\x19\xd1\x84\xdc\x37\x04\x19\xa5\x51\x19\xa5\xa4\x4c"
	"\x49\x8e\xcb\x52\xd4\x66\x69\xb8\x6c\x38\x54\x00\x1b\x02\x2a\x1b"
	"\xf4\x9a\x86\x8a\x0b\x59\x06\x44\xd2\xf9\xf8\x9f\x2f\xf0\x37\x86"
	"\x3f\x7b\x43\x72\xa2\xa0\x8b\x7c\x09\x9c\x5e\x33\xe1\x99\x57\x50"
	"\x2c\x1a\x60\xbe\x50\x24\x48\x68\x99\xd0\x35\x4d\xe4\x7c\x5a\xc3"
	"\x23\x1a\xd7\xbc\x65\x52\xcd\x3f\x7c\x7c\x7e\xfa\xf4\xf1\xe5\xf8"
	"\xf9\xfd\x79\xff\xfa\xf1\x3f\x8a\x8c\xa4\xb4\x14\x34\xa1\x30\x8f"
	"\x8f\x7f\x3e\x6a\x59\xf9\x00\xf2\x54\xb3\x9d\xf3\xe4\xcc\x6d\xa4"
	"\x13\xa3\xa7\xd7\xd1\xe1\xf8\x36\x7a\xdd\xbf\xd5\x43\xc0\xae\x94"
	"\x1b\x2e\x56\xcd\x64\x82\x82\x25\x91\x62\xd0\x35\xdd\x9a\x69\x49"
	"\xb3\x5b\x20\x7f\xbf\x8f\x16\x5a\x94\x9f\xb1\x8b\xf7\x6f\x8d\x44"
	"\xb2\x8c\xa9\x92\x66\x6b\x58\x3c\x4e\x36\x65\x6a\x3e\x3b\x2f\x23"
	"\x14\x5c\xca\x32\xe4\x69\xce\x12\x3a\xff\x00\x82\xfe\xc7\x7e\xf7"
	"\xe9\xe9\x0f\x6b\xae\x15\xb2\x54\x54\x2a\xcf\x2c\x41\xb4\x48\xb2"
	"\xa6\x42\xa2\x8c\x7e\x28\xc5\xee\xef\xe3\xa1\x94\xe9\x1f\x64\x3c"
	"\x9d\xc6\x56\x37\x36\x5d\x49\x0a\xc5\x3d\x7d\x69\xc9\x5e\x51\x91"
	"\xd1\xa4\x5c\x3c\xb0\xbc\x25\xf3\x15\x26\x79\x48\x89\x1f\xb3\x7d"
	"\xe8\x6b\xc1\xfb\x10\x17\x0d\xc2\x1d\xf8\x3c\x71\x6b\x54\x7b\xca"
	"\x6d\xfc\xf6\x61\x08\x0b\x33\x18\x46\x5f\x78\xd8\x01\x32\x46\x8a"
	"\x04\xd4\x04\x97\x0a\x05\x6a\xfe\xe1\x3f\x0f\xc7\xc3\xfe\xbf\x3e"
	"\x9c\x8f\xfc\x86\x38\x53\x05\xed\xb1\x66\x79\xe8\x1d\x29\xe7\x12"
	"\x8e\x6a\x7a\x57\xd0\x82\x7a\xc6\x32\x82\x00\x07\x98\x8b\xfb\x92"
	"\x28\xd0\x25\x4b\xbb\xe7\x78\x49\xb2\x28\xa1\xde\x9e\x0b\x49\xe1"
	"\x20\x7b\xfa\x24\x05\x68\xd1\x16\xe3\xf5\xf9\xd5\x08\x98\x2c\x48"
	"\x44\x62\x1d\xed\x7e\x68\xb9\xc1\x43\xdb\x06\x2a\x41\x69\x2d\xfc"
	"\x70\x58\x46\xaf\xef\x9f\x5e\x7f\xbc\xbe\xed\x5f\x1a\xe1\xaf\xcf"
	"\x34\x9e\x25\xad\x2b\xba\xc7\x1d\x51\x72\xc9\x37\xfd\x18\x73\xf8"
	"\xfd\x78\x1a\xc7\xa0\x72\x18\xae\x2c\x8e\x41\x61\xc9\x95\x9f\x0e"
	"\x14\xbe\xe8\xe8\x71\x11\x01\x0a\xf4\xc0\x06\x54\x80\xa4\x59\xd4"
	"\xe0\xb0\x49\xc4\x53\xc7\x66\x34\xb0\x72\xc9\xa8\x40\x4e\xde\xdb"
	"\xbd\xe1\x06\xd5\x04\x40\xeb\x36\x8c\xb9\x08\x41\xab\xaa\xa5\xa0"
	"\x24\x62\x99\xa5\xe1\x64\x4e\x84\xa4\x6e\x0b\xbd\x4b\x21\x5a\x0d"
	"\xc9\x0b\x68\x58\x46\x44\x91\xee\xc2\xb4\x2a\x5a\x77\xb6\xec\xac"
	"\xe0\xb1\x03\x60\x5d\xa6\x64\xab\x6b\x34\x8a\x8a\x85\xab\x32\x10"
	"\x9c\x44\x21\x91\x6a\xb0\xb5\x43\xa6\xb7\x5b\x3d\xbd\xec\x4f\xaf"
	"\xbe\x1d\xd7\xdd\xf2\x8c\xc2\xc6\x59\x9d\x66\xbc\x5c\x3e\xa0\x2a"
	"\x4b\xf5\x0e\x9c\x65\x17\x80\x39\x8c\xc6\x23\x16\x7a\x04\xd8\xb4"
	"\x62\xc0\x57\xbb\x8d\x81\xc6\x45\x92\xf4\x35\xb1\x76\x05\x4c\x1f"
	"\x6e\xae\x66\x95\x90\xf5\xf4\xc1\x70\x7f\x54\xbb\xd7\xbf\x46\x6f"
	"\xb0\x8e\xd1\xee\xf0\x79\xf4\xfa\xb6\x7b\x7b\x1d\xed\x1e\x1f\x8f"
	"\xef\x87\xb7\xa7\xc3\xd7\xd6\x82\xa0\x41\x49\xc2\x90\x17\x99\x32"
	"\x9b\x77\x9e\x0d\xda\xb0\x16\x1a\x59\xe8\x3d\xa9\x28\x08\x7a\xcf"
	"\x1a\x5a\x2f\x9d\x0c\x97\x20\x2b\x1b\x92\x28\x2f\x3a\x90\x91\xf6"
	"\x3f\x28\x68\x0c\xe8\xc9\x67\x15\x14\x1c\x04\xb4\xdc\xd2\x9e\x2a"
	"\x02\x8d\xad\x1f\x6a\x56\x6e\x11\x69\xb9\x28\x08\x63\xdc\x5d\x7e"
	"\xad\xd4\x24\xb3\x07\x80\xcf\xb3\xd2\x8c\x98\x44\x0b\x19\xd9\xa3"
	"\x68\xde\x8b\xb0\x18\xc9\xae\xdc\xe4\xa0\x4c\xd2\x1c\x8c\x71\x58"
	"\xd8\x5d\xc2\x27\x18\x5b\x90\x11\xdf\x74\xa5\x21\x3e\xfb\x52\x94"
	"\xb6\x41\xc8\x86\xd2\x01\x61\x87\xc0\x99\x24\x69\xa4\xd1\xc2\x68"
	"\xd7\x47\xd2\x45\x18\x68\xb7\xc2\xb5\xfc\x65\xc0\xb2\x69\x68\x9d"
	"\xeb\x95\xf9\x4f\x17\xa2\xb7\xc7\x06\x2f\xe1\xd4\xa3\xfc\xbd\x34"
	"\x66\x1b\x3b\x8d\x41\xbf\xb1\x58\xcd\x27\xb7\x36\x1c\xa5\x29\x25"
	"\x5b\x1b\x3f\x6d\xd8\xc4\x32\xb5\x2a\x25\x89\x69\xbb\x8f\x59\xfb"
	"\x04\x1b\x31\xd2\xe7\xb8\x16\x7c\xf9\xf8\xbf\x7b\xf4\x91\x4e\xa3"
	"\x2f\xfb\xdd\xdb\xfb\x69\xff\xda\xec\x40\x11\x26\x24\xcd\x35\xcf"
	"\x9a\xa9\x57\xc0\x85\xe0\x45\x8e\x8e\x0a\x48\xc0\x7c\x72\xd5\xc2"
	"\xa2\x9f\xc8\xf3\xbc\x1e\x24\x26\x4c\xe8\x91\xf4\x40\x6f\xef\x87"
	"\xdd\xa7\x67\x3d\x50\x23\x28\x14\x24\xa4\x50\x2c\x01\x4d\x94\xc4"
	"\x09\x83\xc5\xcc\xa6\x9e\x0d\xf6\xd0\x4d\xae\x1c\x89\xeb\x12\xdc"
	"\xf8\xac\xab\x99\xbf\x25\xb8\x64\x41\xcd\x6a\xa8\xb0\xa2\x02\x9a"
	"\x86\x8b\xd6\x67\x6d\xe4\x3b\x30\xf0\xe9\xb4\x80\xb7\x71\x5a\xd3"
	"\xa3\x51\x2e\xd7\xa9\x26\xcc\x19\x68\x43\xe7\x20\x06\xc9\xaa\x9a"
	"\x52\xef\x5c\xcd\xe6\x59\x7e\x3e\xf0\xb4\x74\x31\x8d\x87\x18\xa3"
	"\xc3\x9d\x45\x1b\x16\xa9\xa5\x57\x63\x80\x8a\xb2\xda\x7a\x06\xb5"
	"\xf6\xde\x50\x3a\xfd\x9b\xb6\x39\x8b\xa4\xb7\xf7\x0a\x2f\x22\xd7"
	"\x43\x73\xb1\x31\x9c\xce\x07\x9b\xd9\x20\xe5\x92\xda\x96\x49\x87"
	"\x54\x30\x48\x85\xf1\xcc\x20\xa2\x6b\x16\xd2\xfe\x31\xa0\x61\xa5"
	"\xbb\x3a\x73\xa7\x22\xee\x6f\x17\xe4\xb1\x77\x34\x88\x44\x7c\x5a"
	"\x87\x87\xab\x33\x8d\xb1\xcb\x4d\xd3\x25\x0d\x57\x39\x87\x33\x8a"
	"\x56\x07\x42\x21\xdf\x6c\xd1\x97\x04\xab\x1f\xda\x81\x53\x01\x56"
	"\x36\x73\x84\x04\x78\x20\x00\xe4\x3b\x15\xc0\xa3\x4c\xda\xf1\x9a"
	"\x6a\xb5\x35\x27\x1f\xbd\xfc\x3e\x29\x33\x14\xaa\xc8\x2c\x8f\xac"
	"\x56\xdd\x28\xbb\xa8\x42\x16\x60\x27\x36\x44\xd0\x96\x8b\x0b\xd2"
	"\x06\xb1\xac\xa0\x21\x04\x86\x91\x5f\xdc\xd0\xc6\x78\x06\x45\xb9"
	"\x87\x3d\xd4\x21\x91\xb0\xbd\x2d\xfc\x26\x29\x74\x6c\xdc\x9d\xf9"
	"\x87\xb3\x8b\x2d\xa2\x4e\x40\x00\xa0\x00\x40\x53\xff\xd0\x51\x7f"
	"\xa4\x00\xb8\x9e\x28\x41\xb7\xe2\xfd\x28\x5f\x74\x10\x86\xa0\xf3"
	"\xc0\x9a\xb3\x07\x8a\x67\x5e\x8b\x18\x17\x29\xc9\x42\x87\x61\x6d"
	"\x32\x09\xff\xf1\xed\x07\x38\x71\x2a\x69\x39\xeb\x05\x8b\xb4\xba"
	"\xab\xd9\xa7\xc5\xb4\xfa\x30\x46\xd1\x12\x20\x97\x36\x85\x8d\x64"
	"\x28\x42\xce\xe6\x2d\xa8\x42\x17\xb9\xac\x5c\x46\xff\x3c\x70\x1b"
	"\xda\x2e\xa5\x99\x5e\x17\x6e\xa2\x9a\xb3\x73\x55\x47\x55\x40\x23"
	"\xef\x53\x47\x24\x6b\x58\xd9\x1a\xd7\x43\x10\x48\x9e\x14\x8a\x22"
	"\x47\xe1\x44\x7b\x26\x79\x26\xc5\x34\x83\x96\x36\x8c\x00\x6c\x4d"
	"\x82\x46\xb2\xfd\x5d\x66\x29\xb3\x2d\xba\xa5\xe9\x69\x12\x83\x35"
	"\x10\x56\x17\xba\x67\xf4\x31\x2d\x15\x0c\x73\xda\xb6\x3e\xe1\x2c"
	"\x5a\xbd\xe4\xdc\xe1\x19\x5b\x64\x60\x94\x2c\x39\xd7\x7c\xb2\x01"
	"\xda\xbd\xb6\x01\xb0\xc5\x16\x93\x1b\x83\x01\xe0\x7f\x41\xc4\x45"
	"\x92\x0d\xb9\x97\xe0\x5e\xfb\x76\x6e\xe9\xa4\x7f\x08\xb3\x62\x6e"
	"\x12\xad\x19\xac\xa7\xea\xb9\xa3\x66\xf4\xb1\x8f\x7d\x76\x01\xba"
	"\x0c\x88\x10\xcc\x56\xdc\x00\xa2\x51\x64\x1b\x27\x93\x11\x83\x7e"
	"\xca\x76\xb4\xa1\x81\xc6\x16\xc2\xc0\xda\x27\x6a\x6c\x77\x38\x19"
	"\x5f\x74\xdc\xc3\x2a\xbd\x97\xef\x4f\x5f\x8e\xa7\x97\xdd\xe1\x71"
	"\x3f\xa2\xdf\xf7\x07\x70\xce\x09\xb8\xe9\x21\xba\xe7\x10\x79\x58"
	"\x7e\xa3\x33\xec\xb9\x73\xad\xbc\x3b\xc3\x7b\x56\x08\x46\x5a\xb7"
	"\xae\xbd\x01\x6b\xf2\x32\x29\x02\xd3\x91\x73\x88\x10\x5a\xb9\x01"
	"\xfa\xb0\x78\x77\x03\xb3\x36\x44\x41\xe0\xb4\x72\xdb\x12\x5f\xa0"
	"\x8e\x5d\xba\x64\xdc\x4f\x46\x70\x64\xb1\xa0\xb5\xaa\x6e\xf7\xad"
	"\xad\x2c\x7a\xae\xa5\x00\x7f\x80\xa7\xfe\xe8\xc2\x21\xc4\x28\x18"
	"\x94\x7d\xd4\x33\x2d\xed\x8c\x42\x84\xaa\x18\x71\xd5\x81\xa2\xa9"
	"\xb6\x7e\xe5\x1a\x7c\xcd\x98\x85\xad\xe0\x1a\x8c\x79\xcc\x12\x27"
	"\x58\xd0\xb9\x4e\x6d\x1b\x9d\x9d\xe2\x86\x94\xf6\xe5\xa3\x6a\xbc"
	"\xa3\x4c\x4c\xde\xd1\xbb\xbc\x7f\x15\xe0\xc8\xc0\x12\xa9\x4f\xbd"
	"\x35\x09\xcb\x26\x04\xc5\x41\xae\x2e\x02\x7d\xbc\xe0\xc8\xa2\xe1"
	"\x0c\x31\xb6\xea\x9b\x10\x8d\x61\xb9\x0c\x45\xa6\xc8\xdc\x16\xad"
	"\x28\x1b\x05\x0f\x03\x07\x88\x99\x20\x66\x73\xdc\x48\x93\x04\x6b"
	"\x67\x4f\x0d\x54\x50\xe5\x45\x80\x19\xf1\xc2\x1d\xb5\xd6\x24\x79"
	"\x34\xbb\x97\x9c\xaf\x5a\x48\x4c\xec\xc2\xb7\x62\x8b\x82\x17\xb2"
	"\x1b\xf7\x4b\x60\x1f\x86\xdc\x55\xae\xc2\x93\x4e\x41\x24\xaa\x3a"
	"\x08\x94\x54\x91\x7b\x52\x0b\x00\xaf\x52\x59\xad\xb1\x05\x5d\x80"
	"\x7e\xcf\x22\x93\x2c\xaf\xb8\x56\x92\xbc\xbd\x80\x30\xf1\xcd\x1a"
	"\xe8\xce\xc7\xd1\xc6\x2d\x37\x70\xce\x28\x31\x7e\x97\x4f\x2b\xe1"
	"\xb0\x3e\xb8\x76\xb1\xcc\x54\x22\x90\x1a\x1f\x17\x1b\x69\x6a\xad"
	"\x73\x43\x40\x00\x58\x1e\x96\x26\x7d\x53\x67\x60\x3d\x5d\x48\x1a"
	"\xa2\x36\x28\x41\x88\x9d\x68\xa3\x0f\xae\x5b\x2e\xc0\x6f\xc8\x93"
	"\x62\xc1\x5c\xc7\xce\x02\xf7\x89\x27\x50\xe8\x25\x81\xac\x28\x9d"
	"\x8d\x6f\x79\x23\x2e\xd2\xef\xd8\xb8\x34\x65\xc6\x33\x3a\xd8\x0b"
	"\x72\xb8\x48\x88\xf0\x87\x07\x1d\x6a\xa9\x04\xcf\x7c\xae\xb5\x5a"
	"\xc2\x51\x41\xa6\x81\x39\x77\xd6\x9d\x78\xf3\xd5\x00\xad\xe7\x56"
	"\x7b\x6b\x3c\x2f\xab\x71\x30\xcf\xed\x22\x0d\x7b\x40\xf4\xe9\x56"
	"\xe9\xe3\xb1\x72\xf4\x93\x46\xf7\xa4\x73\x5a\x54\x9e\x44\x4e\x8b"
	"\x22\xe5\x51\xb5\xfb\x39\x0d\x51\x3f\x5a\xae\x19\x8f\x8a\x84\x4a"
	"\xe3\x66\x27\x28\x9d\x89\xe7\x0c\x69\x8c\x56\xe2\xe0\x30\xfa\xc4"
	"\x2a\xc5\xa8\x5b\x64\x98\x95\x50\x6d\xe9\xa6\x5b\x4c\xcf\xb6\xce"
	"\x6f\xb7\x55\x99\xb2\x6c\x7e\x33\x84\x27\x5b\x2b\xda\xf7\x0c\x7b"
	"\xd3\xd2\xa3\xf5\xf4\xfd\x61\x28\x93\x04\x14\xa2\x3e\xf0\x3e\xb9"
	"\x4b\x60\xb7\xc0\xf1\x0a\x57\x10\x74\x44\xd6\x92\x78\x12\xa1\x33"
	"\x25\x0b\xe0\x65\x16\xcd\x3a\x08\x12\x56\xb6\xa7\x11\x39\xd8\xc0"
	"\x8c\x5b\x9a\x3a\x8e\xfd\xc6\xa2\x99\xf4\xba\xba\xec\x0a\x57\xbe"
	"\x4c\x3a\x52\xa0\x1b\xcf\x41\xe3\xd7\x97\x06\x62\xb3\x6d\x31\xd7"
	"\x43\x61\x59\xea\x8e\x96\x54\xa0\x4d\x95\xb7\xb7\x01\x54\xbb\xb9"
	"\x91\x26\x6f\x73\x07\x65\x05\x67\xb1\x96\xd9\x4e\x06\xd5\x5c\x62"
	"\x85\x7c\xfd\xc7\xa7\xdd\xeb\xfe\xf3\xe8\x2f\xe3\x89\x7d\x3b\x1d"
	"\xbf\x3c\x3d\x3b\x29\xd1\xf3\x1c\x90\xba\x32\xf5\xb4\x74\x02\x03"
	"\xa3\xc4\x2a\x8b\x61\x4c\xce\x92\x0a\x6a\xeb\x67\xf4\x43\x58\x16"
	"\x5b\x6e\x2a\x1c\xbd\x14\xbd\x6a\xdb\xc4\x69\x47\x5c\xa2\xfb\x36"
	"\x1f\xb7\x4e\x90\xbd\xaa\x6a\xad\x26\xf9\x92\x70\xe2\x75\x66\x0d"
	"\x4d\x91\x21\xbe\xb7\xb1\x41\xfb\x9b\x57\x5a\xde\x37\xb2\x14\xe1"
	"\xf9\x76\xad\x27\xc2\xa9\x29\xd9\x62\x08\x8d\x36\x41\xb4\xdc\x8f"
	"\x26\x85\x2b\x58\x0a\x33\x04\xd5\x11\x95\x2b\x0c\x81\x7a\x97\x29"
	"\x4d\x3e\x34\x01\x07\xc0\xb6\xd1\x41\x95\x0d\xac\x35\x68\x10\x91"
	"\xd8\xc6\x42\x6c\x18\x4a\x06\x42\x72\x57\x50\xa9\xda\x49\x2b\x0c"
	"\xde\x03\xe9\x9f\xbe\x85\x6f\x5d\x47\x75\x48\xc0\x4c\xd3\x85\x60"
	"\xea\x7e\x90\xea\x81\x67\x3d\xf9\x05\xa4\x60\xbc\x5c\x43\x98\x98"
	"\xd2\x5e\x8a\x30\x8d\xc0\x01\xa5\xc6\x40\x8b\x5e\xb2\x4d\xa0\x7a"
	"\x71\xc8\x66\x9e\x93\xa4\x27\x97\xc1\x32\x3d\x00\xcd\x42\x71\x9f"
	"\xbb\xfe\xaf\x17\x5d\xc6\x20\x1a\xa8\xe0\xea\x4c\x69\xbe\x3b\xbd"
	"\x3d\x61\x01\xc3\x48\xfd\xf8\xd6\x4a\x91\xa2\xcf\xad\x1b\x41\xf0"
	"\x86\x49\x05\xaf\x48\xca\x88\xcb\x86\xd4\x8a\xd1\x62\xe6\x03\xeb"
	"\xdd\x3f\xdf\x7b\x4b\x95\xf0\xc5\xf9\x02\x8f\x37\xc9\x61\x2b\xbc"
	"\x62\xdc\x64\x8a\x32\xce\x2d\x29\xaa\xa1\x11\x18\x18\x5c\x63\x17"
	"\x13\xc6\x77\x6e\x38\x56\xdd\x0a\x54\x0d\x06\x6e\x5b\x7b\x5a\xe2"
	"\x04\x06\x5a\x55\xe3\xce\x3f\x3c\x7e\xf9\xf7\x39\x79\x94\xde\x0d"
	"\xcc\xd4\x42\xae\xee\x03\x37\x51\x52\x23\x82\xf8\xce\x67\x0d\x64"
	"\x36\xb1\x12\x2f\x59\xb5\xcf\x32\x07\xe7\x05\xb5\x87\x7d\xc0\xdc"
	"\x7a\x09\xa2\xc0\x9c\x87\xa5\x48\x37\x76\xa6\x06\xf3\x08\xba\x31"
	"\x6c\x36\xdf\x64\xb6\x2f\x68\xea\x3f\x7a\x90\x66\x33\xfd\xb8\x26"
	"\xdd\x6a\xf2\xfe\xfa\xb6\x45\x4b\x59\xb3\xb7\x69\x5a\xb4\xbd\x03"
	"\xcc\x1a\xe5\x09\x51\x98\xc9\xb2\x19\xa2\xb1\x34\x90\x64\x32\x19"
	"\x7b\x4f\x8b\x21\xc8\x6f\x67\xdb\x6d\x3f\x3e\xe6\x5c\x05\x82\x45"
	"\x0b\xda\x4f\x93\x51\x35\xd0\x03\xe3\xf9\x64\x70\x08\x20\x98\x4d"
	"\x7f\x82\x9f\x0d\xe1\xb7\xf9\xc5\x50\xff\x11\x5f\x0f\x4c\x7e\x25"
	"\x6f\xae\x6e\x2f\xfb\xf1\x9b\xdb\xf1\xf6\x76\x3c\xc0\xc1\x24\x0f"
	"\x61\xfa\x03\xe3\xe7\x5b\xd2\x8f\x14\x3d\xb5\x07\x46\x08\x71\xef"
	"\x06\x86\x96\xb3\x70\x3a\xbc\x74\xb2\x66\x59\xc8\xfa\x09\x38\xb8"
	"\x50\x93\x8e\x47\x91\xbe\x3f\xbf\x3d\x7d\x7b\xde\x8f\xbe\x3d\xef"
	"\xde\x30\xa7\x03\xa8\xe7\xfd\x63\x55\xb6\x55\x5f\xc7\x8e\xc2\xe3"
	"\x69\x3f\xfa\xb2\x7b\x79\x7a\xfe\xe1\x10\xb8\x43\x68\x01\x2d\xd7"
	"\x57\x7d\x3e\x5a\x85\xbf\xf6\xc9\x35\x34\x33\x18\x5f\x97\xda\xe5"
	"\x6f\x55\xc5\xb8\x74\x18\x19\xf4\x63\xd3\x35\x04\xa6\xfd\x68\xe3"
	"\xa2\xca\x01\x82\x24\x6f\xa9\xc5\x16\x5e\x28\x08\x24\x06\xf0\xea"
	"\x76\xd2\x8f\x0d\xc2\x74\x00\x49\x05\xe8\xaf\x81\x7d\x67\x0b\x16"
	"\xf2\x84\x8b\x7e\x12\xbc\x66\x0f\x48\xb6\x1a\xa2\x90\x03\x92\xb3"
	"\xa2\xf7\x52\xf1\xa1\xf5\xa7\x54\xf2\x81\x39\xa6\xdb\x70\xa8\x6d"
	"\xc4\x88\xa2\xfe\xd9\xa5\x04\x29\xd4\xd5\xf5\x95\xef\xe2\xf0\x8c"
	"\x9d\xdd\x3a\x3e\x5f\x0d\xbe\xee\xca\xbb\x62\x23\x3c\x08\x1f\x49"
	"\xfa\x31\x82\x7f\x82\x8c\x62\x2d\xd5\x1d\x59\x46\xaa\xd9\xf0\x69"
	"\xba\xf0\x27\xf0\x78\xa8\xb1\x97\xbd\x58\x92\xce\xfa\xb4\xa4\x41"
	"\x5f\x0c\xa1\x61\xce\xd7\x43\x8a\x20\x4d\xf3\x7e\xe4\x5d\xc8\x07"
	"\x64\x0d\x22\xd2\x64\xcd\xe8\x66\x80\x02\x8c\x1a\xc4\xff\x03\x23"
	"\xc0\x14\xe3\x7c\xe1\x57\x83\x68\xbb\x30\xe4\x26\x03\xc2\x2a\xd5"
	"\x80\x24\xca\xcb\x7c\x3d\x1d\xb4\x71\xdb\xfb\x8c\xcb\xa1\x15\x66"
	"\x54\x92\x01\x02\x59\x64\xdb\xa1\x09\x30\xf7\xa6\xd2\xc5\x2a\x92"
	"\x2d\x06\x74\x14\xba\xd5\x03\xf6\x01\x5c\x95\x1c\x4b\x97\x06\x28"
	"\x6e\x2e\x87\x6c\xc4\x9a\x6e\xfb\x63\x13\x63\xe1\xd2\x1b\xe8\xa2"
	"\x1f\xff\x30\x20\x57\x0f\xf7\xd9\x5d\xe7\x38\xe5\xa7\xe3\xe3\xfe"
	"\xf5\xf5\x78\x6a\x39\x2f\xa8\xb0\x6d\x3d\x8f\xdf\x6a\x59\xa4\x41"
	"\x19\x92\x1c\x2f\xe6\x5d\xd4\x6c\xfa\xfd\x6a\xd5\x01\xb5\xda\x93"
	"\x00\xbc\x62\xda\xee\x35\xd7\xe0\x36\x34\x04\x15\x40\xfb\xa0\x2c"
	"\x57\x2d\x38\xcf\xef\xc1\xfe\xb4\xa6\x9b\x04\x9d\x0e\x30\xaa\x26"
	"\x92\x45\xad\xe6\xf9\xe4\xb2\x0b\xa9\x1c\xb8\x16\x9b\xe2\xa6\xb0"
	"\xc3\x62\x6f\x0a\xae\x05\x19\xd0\xaf\xba\x1e\x97\x44\x91\x28\x95"
	"\x49\x86\x7b\x2d\x6c\x6a\x58\xec\xda\xd0\x0a\x48\x69\x4f\x13\x9d"
	"\x52\xa3\x5b\x3b\xf2\xdf\xe4\x55\x61\x35\x6d\x67\x6d\x98\xe1\x60"
	"\x55\x3d\xe4\xcf\x27\x02\x59\x00\x62\x18\x61\x8e\xc3\x43\x68\x91"
	"\x61\xf2\x4d\x09\xea\xd6\xfc\xd1\xac\x0c\x04\x44\x54\xcb\xb2\xea"
	"\x84\x5b\x7e\xf3\x4a\xe7\x84\x97\x34\xc9\x9d\xab\xa0\x75\x24\xad"
	"\x3c\x05\x07\x97\x5d\x98\xbd\xf6\x02\x4b\x79\x9f\x85\xde\x62\x73"
	"\x83\x4e\xa6\xdb\xb1\xb5\x9d\x36\xac\x59\xe5\x19\x5a\xe6\x69\xd1"
	"\xa3\xec\x66\x93\x71\x49\x85\xc0\x6b\x98\xcb\x9b\x9b\xd9\xd5\xed"
	"\xcf\xe9\xae\xa7\xd7\xb7\x93\xcb\x5f\xa0\xbb\x9c\xdd\x5e\x8f\x7f"
	"\x81\xee\xea\xf6\x62\x72\xdb\xb3\xf5\xc9\xa4\x66\x08\x96\x28\x95"
	"\x57\x6e\x69\xbe\x8b\x9d\x5f\xd9\x38\x5d\x7e\x0e\xa1\x4f\x50\xc4"
	"\x31\x15\xee\x79\xd6\x65\xfd\x94\xac\xef\x4b\x2d\x8a\xce\x8d\x9f"
	"\xbe\x90\x01\x23\xe2\x16\x4c\x1a\x1f\x0f\xb3\xb6\xa6\x4c\x53\xb4"
	"\x25\xb8\x5a\xcc\xc5\x6c\x7c\x7b\x3d\xeb\x59\x4c\x45\x73\x75\x31"
	"\xbb\x9e\xdc\xf6\x74\x70\x3d\x1d\x5f\xdf\xdc\xf6\x1c\xb3\x86\xea"
	"\xf2\x62\x36\x9d\xfe\x12\xd5\xf5\x4f\xa9\x60\x3e\x57\x3f\x1f\x11"
	"\x3a\x9b\x8e\x7f\x4a\x75\x7b\x33\xb9\x99\xfc\xbc\xaf\xd9\xf8\xe7"
	"\xb3\x87\x9e\x66\xd3\xcb\xf2\xe6\x72\x7a\xf1\x0b\xc4\xd3\xc9\x2f"
	"\x4c\xef\x66\x7a\x79\x35\xf9\xe9\x52\xf5\x88\x93\x5f\xa2\x9a\x75"
	"\xac\x4d\xf0\x8e\x45\xad\xdf\xbe\x1d\x4f\x6f\x4e\x32\xa6\x27\xec"
	"\x01\x78\x55\xf1\x2b\xeb\x64\x67\x2f\x9d\xa7\xe6\x42\x0f\x11\xed"
	"\x5f\x9f\xbe\x1e\x36\x3b\x08\x7f\x70\x18\x1d\x07\xc9\xf3\x14\x8c"
	"\x72\x07\x38\x3d\x7c\xfe\x76\x7c\x3a\xb4\xa7\x55\xd2\x2c\xd2\xf7"
	"\x5e\x3d\xe3\x86\xa0\xf0\xfa\xee\xd8\xe3\x4e\x09\xa0\xd6\x51\xd2"
	"\xbe\x09\x6b\x7f\x60\xaa\xc1\xbd\xf3\x4b\x8d\x2d\xe3\x39\x84\x08"
	"\x0b\xeb\xc2\xcf\x64\x50\xd2\xb0\x5b\x97\x24\x53\xd5\x77\x79\x85"
	"\xdd\x19\x4f\x06\x4b\x25\x1c\x97\x3b\xcc\xfd\x7e\x65\xa0\xdf\x80"
	"\x28\xe5\x35\x02\xeb\x54\xe6\x80\x2c\x67\x6e\xcd\xee\x19\x8a\x29"
	"\x7b\x6f\xaf\x35\xc9\x74\x31\x88\x9e\xf8\x6e\xb1\x74\x71\x21\x8f"
	"\x63\x2c\x62\x1b\xff\x13\x8e\xcd\xdf\xb9\x5a\x4b\xe8\x02\xb7\xf9"
	"\xc5\x79\xe1\x5c\xe1\x95\x9e\xfb\x9a\x48\xbf\x94\x91\xf6\xd3\x24"
	"\x93\x1d\x11\xe5\x22\x67\x7c\x3e\xb6\xf6\xb8\x2a\x9c\xcd\xfa\xe2"
	"\xa7\x9a\x00\xd3\xa5\x99\x22\xc2\x57\x99\x55\xd1\xd8\xf7\xf7\xa6"
	"\x91\xa9\xf8\x6c\xec\xe7\x03\xbe\x38\xa2\x51\x93\x8b\x07\xc8\x64"
	"\x3c\x6e\xd5\x74\x4f\x7b\x9c\x48\x44\x5d\xf6\xa2\x66\xfd\xad\x2e"
	"\xfb\x51\x30\xfa\xd8\x27\x4e\x0f\xf3\x49\xc3\x74\x23\x78\x4b\x81"
	"\xc5\xdc\x4e\x49\x34\x7a\x2e\xd3\xea\xa2\xa5\x47\xef\x9b\x07\x4b"
	"\x2c\x62\x6b\x6b\x33\x28\x09\x9c\xd2\x67\x0e\xdf\x55\xd1\xc7\x80"
	"\x6f\xaf\x53\xd1\x68\xd6\xaa\xb4\xe5\x00\x29\x4d\x68\x58\xdf\xa2"
	"\x63\x4a\xdf\x3b\xbd\xe6\xfa\x2a\x8f\xb3\x72\x0d\xc6\x2f\x72\x6b"
	"\xdf\x9d\x92\xa0\x84\x6f\x70\x6c\x7c\xeb\x20\xd6\xf8\xa4\xca\xad"
	"\x4a\x45\xfa\x5c\xf5\xba\x52\x9b\xfa\x6d\x43\x4e\xec\xeb\xd0\x8d"
	"\xbf\xf0\xa7\xb9\x23\xd7\x7a\x91\x24\xe5\xb2\x58\x50\xf0\x78\x5d"
	"\x11\xaf\xee\x3c\xf2\xc4\x6e\x1b\x83\x63\xe8\x4c\x1c\x01\x20\xdf"
	"\x11\xd5\x2e\x41\xda\x29\xa4\xc0\x2a\x25\x37\xed\x9a\xf1\x32\xe0"
	"\xdc\xed\xa5\xe2\x25\x93\xfc\xfc\xa2\xcf\xbd\x07\xac\x5a\x94\x78"
	"\x29\xa5\x87\xf3\xd5\xc4\xe8\x63\x9f\x2b\x9d\x7b\x75\xcf\xb1\xde"
	"\xfd\xd0\x4d\xb8\xdb\xcf\x4e\x9a\x03\xf9\x0b\xbe\x76\x00\xe7\xce"
	"\x2d\x24\x5c\xc9\x74\x20\xff\xad\xaf\x65\x53\xbc\x3d\x87\x7e\xe7"
	"\x17\xe3\xdb\xab\x76\x60\x46\xf0\x21\x87\x5a\xe6\xba\x26\xd9\xef"
	"\x58\x27\x14\xdc\x62\xf4\xc8\x3c\x03\xc5\x82\x43\x07\x4e\x11\x4b"
	"\x68\xbf\x03\xc3\xdb\x1a\xd8\xce\xb5\x7e\x16\x67\x30\x4d\xc7\xe0"
	"\xcc\xf5\x55\xd3\x22\x8e\x08\x4a\xe4\xfc\xfa\xdc\x95\x3b\xcc\x43"
	"\xce\xb9\x53\x0d\xf7\x10\x14\xfe\x7b\xa1\x87\x59\xcc\x13\xdf\x3d"
	"\xc9\x83\x3c\x97\x9f\xb5\xde\x15\xa6\xba\x3e\xdb\xb1\x0e\x35\xb1"
	"\x7e\xfa\xe8\xe9\xac\xbe\xd5\xd4\xcf\x2e\x4b\xc6\x05\x4d\xdd\x67"
	"\x60\xa6\x40\x06\x8d\x40\x5d\x64\xd0\x97\xae\xc4\x68\x0f\x8e\x9c"
	"\x29\x12\x20\x49\xdf\xb5\x01\xa2\x0b\x53\xe4\x68\xfa\x6d\x5d\x29"
	"\xff\x0c\x5f\x3f\x16\x11\x34\x4c\x08\x4b\xed\xc2\xdb\x10\x59\x8f"
	"\x6c\xd8\xb2\xb4\x68\xd5\xab\xd7\x22\xc6\x04\xaa\xa2\xaa\x71\xa9"
	"\xef\x7a\x71\x14\xac\x7c\x4b\xee\xed\x9b\xda\x04\xef\xa9\x4a\x92"
	"\xe1\x4d\x17\x52\x75\xc6\x33\xb2\x4a\x04\x08\x77\x54\x5e\xac\x2c"
	"\x65\xb0\xc2\x91\x75\xe9\x77\x23\x07\xa6\xd4\x80\x92\xa8\x6a\x60"
	"\x1e\x4f\x5a\x25\x07\x22\x60\x59\x9f\xfd\x85\xc3\x6c\x3f\xe0\x68"
	"\x60\x38\x2b\x2e\xdc\x37\x58\xb1\xc0\xf7\xa2\xeb\x4e\xb9\x8c\xa9"
	"\x40\xd5\x82\xe0\xcf\x79\x24\x44\x57\xe3\x41\x84\x7b\x5f\x85\x2a"
	"\xde\x24\xe2\xb6\x22\xc1\x92\x0c\xb9\x34\xdc\x9b\x83\x37\x0b\x06"
	"\xca\x5c\xcf\xd0\x70\x94\xee\x5f\x8e\xa7\x1f\xa3\x74\x77\xd8\x7d"
	"\xdd\xbf\xec\x0f\x6f\x23\xfe\x0d\x73\xe0\x96\x7b\x06\x64\xc0\x14"
	"\x6b\xda\xfa\xc2\x1a\xbb\xc7\xd3\x07\x8b\x02\x97\x69\x32\x39\xcb"
	"\x10\x86\x42\x29\x56\x3f\x80\x18\x3a\x02\x5a\x54\x85\x57\x1b\xa6"
	"\x96\xba\x94\x31\xf7\xf9\x04\x55\x7d\x92\x1d\xb6\x33\xee\x68\x70"
	"\xc6\xd3\xb4\xa8\x82\x65\x87\x6d\x44\x90\xde\x74\x79\x8d\xfc\xa5"
	"\x97\x50\x5b\x9a\xf5\x7a\xf2\x71\x52\x00\x2f\x01\x00\x0a\x9d\xa2"
	"\x5f\x8a\x15\xf7\xc4\x1d\xd5\x38\xf5\x47\xf8\x3a\xb6\x99\x89\xe5"
	"\x37\xdc\xba\xfb\x86\xa8\x60\xd1\x2a\x21\xad\x8b\xdc\xf5\x9c\x53"
	"\x2c\xab\x28\xc2\x9e\xcb\x62\xfd\x3e\x48\x7b\xaf\x39\x16\xa9\xe0"
	"\x8d\xa3\x0a\x4a\x96\x92\x9e\xbb\xae\xa6\x01\xd2\xf1\x35\x15\xf8"
	"\x2c\xab\x43\x7f\xd6\x78\x60\x9a\x20\xaa\x4d\x4b\xac\x5d\x6a\x9c"
	"\xaf\x06\x1e\xc0\x89\x1d\xbb\xfc\xb1\x67\xe2\x55\xbc\xe6\x42\xf4"
	"\xc3\x23\xb0\xe5\xf8\xbc\x9f\xbf\xbd\xfd\x18\x8f\xac\x8f\x54\xcd"
	"\xfe\xfb\x76\x3a\x01\x21\x3d\x4c\x46\x27\xe0\xe1\xfc\xe3\xe7\xfd"
	"\xf7\x8f\xa7\xdd\xcb\xe8\xfb\xcb\xee\xf9\xf9\xf8\x38\xbf\xb8\xbd"
	"\x4a\x47\xaf\xcf\xef\x9f\xca\x97\xdd\x3f\xe5\xf1\xf4\x79\x7f\x9a"
	"\x8f\x0d\xe0\xf3\xfe\xd3\xfb\xd7\x39\x1f\x7d\x68\x8d\x87\x86\x24"
	"\xd5\xa6\x16\xcb\x2c\x5c\xb9\xa9\x49\x60\x8d\x30\x73\xbf\x8d\xaa"
	"\x7b\x41\xd1\xef\x79\xd2\xbb\xed\xb9\x28\x09\x05\x01\x81\xc1\x4a"
	"\x3f\xef\x63\x59\xc5\xcb\x07\xac\x25\x47\x03\x6a\x4d\x8a\xc6\xac"
	"\x23\x51\x78\x61\x95\x1f\xff\xde\x9f\xac\xe3\x6a\x5f\x66\xc5\xa7"
	"\xfd\xbf\xdf\xf7\x87\xc7\x1f\xa3\xd7\xc7\x9d\x5b\x3b\x83\xfa\x24"
	"\x16\xf4\xce\x4d\xe7\x21\xa4\x5c\xf0\x35\x3e\xfd\x15\xa5\x79\xfd"
	"\xe2\x43\x77\x5f\x50\x9e\xd1\x3d\xd6\xea\x8c\xc7\xe3\x26\x3d\xdd"
	"\x1a\xad\xea\xeb\xb1\xf6\x2d\x70\x60\xeb\x75\x43\x6f\x52\xae\xdb"
	"\x88\x6f\xa8\x90\x64\xfd\xff\x68\x82\xe9\x37\xfd\x36\xe6\xd7\x9b"
	"\x70\x10\x72\x98\x58\xf4\xeb\x2d\x50\x67\x80\x0b\xac\x0d\xe6\xaf"
	"\xb7\xc2\xaa\x15\x41\xc2\x76\xa3\xa1\x26\x3a\xec\xc0\xe7\x69\x3d"
	"\xdb\xe9\xbe\x19\xf1\x52\xd4\x2c\xec\xc1\x9f\xf9\xd5\x83\xaf\x99"
	"\xd3\x83\xb6\xd6\xd4\x2b\x71\x0d\xaf\x7a\x48\xec\x55\x9e\x8f\xc0"
	"\x97\xf6\x11\x18\x7d\x3e\x3d\x7d\x37\xb5\x25\x36\x9f\x0d\xcf\x54"
	"\xdf\x36\x18\x74\x91\xa6\xf7\xbd\x76\xa0\x49\x00\xd4\x0d\x7a\x49"
	"\x57\x4c\xac\x36\x9c\x47\x83\x84\x77\x5c\xb0\x3b\x1f\xc5\x79\x6d"
	"\xec\xf3\x73\xeb\x26\xa2\x7a\xa3\xdc\x82\xd4\xf5\x14\xe0\x21\x08"
	"\xb6\x36\x09\x65\x37\xdb\x8d\x44\xc8\x42\xd4\x3a\x5e\xdf\xc1\xa1"
	"\x02\x63\x5e\xf4\x76\x91\xaa\xd5\x4f\xdb\xab\x55\x7f\x1f\x10\x32"
	"\xb5\xba\xd0\xeb\x05\xb6\x9d\xd7\x3c\x8a\xba\x5b\x58\x25\x80\x58"
	"\xdf\xaf\x13\xe8\x64\x6d\x75\x3d\xec\x23\xb4\x83\x41\x75\xa6\x68"
	"\xa7\x57\x11\x75\x33\xd9\x6e\x7f\x3a\x14\x12\x66\x74\x53\xbd\xa0"
	"\x1f\x24\xd6\xc5\x26\x34\x92\x0d\x0b\xc0\x15\xc9\x7d\x4f\x96\xe3"
	"\xe7\xe3\x0e\x1f\x85\x8f\x74\x06\x6e\xb4\x7f\x79\x7f\xde\xd9\xf5"
	"\x0b\xe4\x6d\xf4\xbc\xdf\xbd\x82\x93\x71\xd8\x37\xd8\xd1\xcb\x3b"
	"\x80\x3e\xed\xab\x72\x86\xfd\xe7\x46\x64\xd6\xb1\xe5\x56\xc1\xc7"
	"\xf7\x99\xfd\x9a\xcf\x0e\x20\xab\x12\x50\x4c\x00\xd4\x18\x3d\x64"
	"\xf1\x0a\xfb\xf0\x6d\xf7\xb8\x1f\x7d\x7a\x3a\xec\xc0\x6f\xd4\xaf"
	"\x65\xde\x2c\xff\x06\x6b\x2b\x53\x85\x75\xc4\xce\x3b\xa7\xea\x99"
	"\x93\xf5\xf3\x22\x82\x6a\x9b\x78\x56\x5c\x58\x79\x5c\xbd\x57\xf6"
	"\x05\xa6\xa6\x5b\x19\x0a\x73\xc9\x65\xe5\xe1\x34\x02\x63\xf5\x81"
	"\x52\x5b\x5e\xf4\x38\x50\xa6\x75\xca\x64\xe8\x7d\x4d\x23\x68\x55"
	"\xa1\x6f\x12\xa2\xda\xf6\xbe\x34\xae\x72\xc7\xbb\xab\x8a\x85\x2d"
	"\xe7\xd5\x00\xac\xc2\xa8\x26\x2b\x59\xa1\xe4\x8a\xe5\xfa\xea\xc6"
	"\x17\xfe\x72\x45\xba\xa6\x72\xc9\x02\xd8\x1f\x1d\xe0\xfb\xe2\x10"
	"\x70\x19\x13\x4a\xad\xad\xae\x21\x55\x5a\xb5\xf1\x89\x53\xed\x7f"
	"\x68\x9c\xbf\xa3\x0d\x59\x51\xfd\x7b\x10\x4e\x67\x67\x68\x35\x35"
	"\x2b\xe3\xe5\x60\x17\x76\xe4\x9b\xb6\x46\xee\x44\xe6\xcd\x19\xb1"
	"\x7f\x00\xc9\x3f\x2f\xe7\xa5\xc6\xe6\xce\xd8\x2b\xab\xf0\xba\x53"
	"\xfe\xac\x6f\x54\x53\xe7\x15\x84\xf3\x5d\x45\xbe\x66\x47\x72\x2e"
	"\x25\xeb\xdc\xfd\xe8\x90\xac\xbd\xbf\x55\x95\xc9\x79\x3f\x3c\x6d"
	"\x33\xdb\xad\xc2\x47\xb3\x10\x75\x08\x27\xd4\x45\x20\xad\x61\x5a"
	"\xd2\xb2\xfd\xdb\xdf\xc7\xd3\x5f\x78\xf8\x3b\x32\x06\x66\x77\xe5"
	"\xbe\x53\x36\x10\x08\xf6\x88\x2f\xe4\x2f\x32\xb6\x75\xea\x06\xb7"
	"\x70\x8c\x9c\xdd\xd0\xb0\x76\xeb\x26\x59\x99\xf8\x0e\xe4\x36\xb6"
	"\x7f\xf2\x0a\xbf\xf4\xef\x44\xb5\x40\xd5\x53\x50\x1b\xa4\x6d\x7f"
	"\xec\xb8\x0e\x1a\x2e\x8b\x00\x9f\xf7\xb0\xf0\xbe\x85\x30\xc9\xac"
	"\x0e\x39\xf8\x9d\x4c\x2a\x16\xca\x76\xff\xb9\x1b\x3e\x22\x73\x57"
	"\xf4\xde\xf9\x29\x0f\x03\xaa\x7b\xf6\xfd\x08\x93\xb3\x69\x70\x3e"
	"\xb5\x49\x75\x7f\xb1\x04\xa0\x75\x8d\x2c\xc4\x42\x85\x6a\xd5\x72"
	"\xe2\x0b\x9b\x00\x2b\xa7\x69\x37\x90\x6f\xf5\x8b\xa6\x5a\xe7\x85"
	"\x64\xab\x07\xdd\x6d\x45\x43\x7a\x1e\xd9\x9f\xc9\xc0\xd2\x07\x5c"
	"\x52\xff\x38\x86\x24\x4c\x88\x74\x6e\xf9\x01\x93\x67\x79\xfb\xbb"
	"\x8c\x96\x61\x17\x88\xc1\x53\xde\x9a\x20\xc2\x05\x11\x3e\xed\xa1"
	"\x25\x3d\x67\xad\x9d\x60\xf9\x02\x15\x3f\x1c\xef\x6d\x1b\x81\xcf"
	"\xc2\x33\x9a\xb4\x37\x4a\xb7\xe8\x61\x9e\x5e\x95\xbb\x4f\x36\xcb"
	"\x6c\xb6\x5a\x73\x66\xa9\x4c\xcb\xf5\xc4\x07\x9c\xda\x8f\x0d\x33"
	"\x30\x00\x7c\xc5\xa8\x6c\xcf\x74\xad\x98\x0b\x2a\xa2\xbe\xd9\xc7"
	"\xdc\x7f\x89\x5e\xe1\x9a\x65\xcb\x1e\x29\x2c\xc9\xd2\x4e\x9c\xa1"
	"\xa6\x90\xee\x2e\x54\x30\xbc\xfa\xe9\x79\x42\xf0\x7f\x94\x5d\x59"
	"\x6f\xe3\xb8\xb2\xfe\x2b\x86\x1f\x0e\xee\x05\x1a\xe7\x78\x89\x9d"
	"\xf8\x00\x79\xd0\x42\xc9\x9a\x68\x8b\x28\xd9\x71\xbf\x08\x9e\x24"
	"\x33\x13\x4c\x27\x69\x24\xee\x9e\x99\x7f\x7f\x58\xa4\x24\x93\x14"
	"\x8b\x92\x9f\x12\xb3\x3e\x71\x5f\x8a\xc5\x5a\x22\x51\x6d\x75\x5d"
	"\xf0\x44\xbe\x62\xba\x9a\xcb\x14\x63\xa2\x58\x8f\xc0\x14\x94\x85"
	"\x93\x52\xd5\x69\x9c\x8e\xb0\x67\xe0\x12\xa2\x7f\x0b\x3b\x90\x5e"
	"\x0b\x2f\x37\x25\x43\x7f\x37\xc9\x6a\x3f\x14\xce\x1e\xdb\x06\xbb"
	"\x22\xd8\xec\x03\x4b\x30\x69\x9b\x81\x52\xd8\xbf\x61\xb7\x9e\x0d"
	"\x24\x57\xb6\xa5\xea\x52\xbd\xca\x9c\xbe\x67\x45\x00\xc7\x7f\xf6"
	"\xbc\xd2\x91\xb6\xec\x3f\x96\x7c\xde\x5e\x3b\x02\x65\xff\x9a\x77"
	"\xe0\x0e\x72\x70\x63\xc7\x0e\xd9\x91\x10\x51\x03\xeb\x20\xe9\xce"
	"\x4e\x87\x07\x63\x54\x0d\xa6\x43\xc5\xf9\x50\x45\xd2\xcc\x8e\x38"
	"\x10\x67\x6b\x47\x44\x71\x1c\xa5\x59\x34\xd0\x1e\xdf\x1b\xec\x38"
	"\xcf\x0f\xed\x00\xd7\x2d\x2c\xcf\x1c\x62\x90\x7b\xc6\x01\x7c\xf4"
	"\x8d\xf9\xb6\x88\x42\xeb\x04\x8d\xdc\x16\x7f\x3b\xfd\xf5\xe5\x71"
	"\xaa\x56\x2b\xf1\x57\x9a\xc9\x4e\xb7\x5b\xc9\x1a\x5d\xf0\xab\x39"
	"\x7e\xe0\xf5\x34\x30\x51\x6a\xd5\xde\x89\x13\x84\x77\x08\x38\x40"
	"\x6b\xdf\xf1\xd5\xf5\xb5\xee\x6d\x3a\x6b\xd3\xae\xb3\x1e\xb1\xed"
	"\xac\xfb\xfb\x0e\x94\x9e\x44\xf9\x5a\x3d\x4a\x58\x62\x14\x3b\x68"
	"\x2e\xe8\x46\xb5\x46\x52\x07\xb7\xaa\xf5\xc0\x5e\xb5\xb6\x6e\x56"
	"\x32\x95\xf7\x71\xe3\x6d\x43\xb3\x47\xe7\xed\x52\x8e\x0b\x9e\x42"
	"\xa3\xb2\x9f\x52\xaf\x15\xe7\x24\x90\x9a\xfa\xec\x62\xc2\xdf\x04"
	"\xcb\x43\x4e\x34\x62\xff\xc0\xe1\xc9\xda\x69\xa9\x12\xb1\xe3\xa8"
	"\x25\x36\x99\x22\xb3\xce\x76\xac\x42\x1b\x2a\x17\x8c\xbf\xf4\xe4"
	"\xee\x94\x56\x4b\x33\x9f\xd4\x58\xc9\xd2\xf9\xac\x66\x43\x49\xb8"
	"\xae\xe3\x7d\xbf\xde\x06\xd8\x36\x71\x3c\xec\x34\xc6\x4c\xf7\x19"
	"\x09\xbc\x71\xc2\x85\x21\x71\x54\xb7\x0a\x70\xa0\xe4\x65\xde\x70"
	"\x55\xc1\x01\xcb\x9a\x7f\x9f\x6f\x0f\x42\x16\x5a\x3a\x49\x6e\x7e"
	"\x9b\x63\x50\xdd\x28\xbb\x4b\x32\x1c\x4d\xc2\xa4\x45\xf9\x4a\x48"
	"\x48\x40\x95\x87\x5d\x20\x7e\x7b\xf9\x76\x62\xd7\x55\xc4\x63\xed"
	"\x39\x67\xd3\x75\xa4\x21\x41\xbf\x44\xa9\xde\x68\x95\x88\x39\x75"
	"\xeb\x03\xb9\x13\x4a\x4b\x31\xb5\xb0\x0b\x6b\xc9\xe0\x1b\x25\x4d"
	"\xf9\x5b\xa6\x92\xca\x7d\x95\xf5\x04\xd2\x0d\x81\x65\xe5\x93\x9d"
	"\xa9\x3a\x52\x76\x75\x33\x92\x26\x92\x69\x9c\x65\x3a\x3c\x79\xd1"
	"\xa1\xfc\xe1\xe5\x33\xa0\x48\x09\x7d\xaf\x21\x0a\x19\x26\x09\x26"
	"\xae\xe8\x01\xf9\x6c\x42\x6a\x53\x72\x93\xf4\x8c\x1d\x8f\x32\x33"
	"\x2f\x53\x42\x59\x47\x55\x26\x50\xaf\x44\x3e\x61\x9c\x57\x1c\x95"
	"\x04\x69\x9a\x03\x32\x5f\x07\x21\x06\x7a\x9e\x1d\x65\xbb\x5c\x2c"
	"\x11\x52\x54\x78\x08\xc5\xe0\x43\x52\xa1\xb3\x99\xe0\x46\x99\xee"
	"\xde\x4a\x1d\xeb\x14\xed\xbc\xf3\x50\xe6\x68\xb5\xa9\xa3\xfa\x27"
	"\x50\x89\xd1\x60\xd6\x65\xd0\xef\x65\xd3\x8a\x93\x09\xf6\xe9\xd1"
	"\x5b\x51\x61\x5c\xb1\x5b\x5f\x69\xae\x49\xea\xa8\x7d\x97\x82\xba"
	"\x0b\x21\x8a\x8f\x9d\x26\x19\x99\x49\x67\x92\x69\x5e\x9c\xa9\xbd"
	"\xf9\x04\x24\xc3\x64\x81\xe4\xc0\x00\x15\xb3\x40\xee\x11\x48\x45"
	"\xbb\x18\x88\xa5\x29\x1f\x50\xbc\x06\xad\x02\x2d\x33\xf4\xe8\x39"
	"\x77\xe8\x43\x77\xe2\xf1\x3d\xf6\xe1\xc4\x9d\x0b\x4e\x1e\xdf\x5f"
	"\x7f\x7d\x79\x7b\x7e\x9a\x34\x3e\xa0\x4d\xfb\xeb\x43\xa9\xef\x37"
	"\x32\x09\xa6\x43\x43\x56\x72\x3e\x1d\x3f\x7e\x7f\x3e\x29\x32\x6f"
	"\xe5\xbb\x12\x54\x00\x4a\xe1\x12\x77\x60\x32\x9c\xd1\xdc\x4f\x1c"
	"\xad\x92\x81\xa6\x76\xf0\xe6\x60\x43\xaa\xde\xa2\xce\x2d\x18\x40"
	"\x9d\xf7\x56\x1b\xb0\x34\x1f\x37\x67\x84\x4f\xbd\x7c\x64\x0b\xb6"
	"\xf1\x50\x66\x5b\xa8\xd1\xc8\xdc\x40\x5a\xdf\xd3\x10\x35\x01\x63"
	"\xa3\xd9\xb4\x11\xa9\x1c\x79\x06\x80\xa5\xc3\xd4\xf5\x6b\xf8\x36"
	"\x05\xbf\x6b\xf9\x00\x26\x18\xac\x42\x1a\xb4\x27\xb7\xb5\xd1\x69"
	"\xc6\xb7\xb5\xd1\x93\x11\x44\x6f\x66\xe7\xe2\x46\xb4\x69\xe9\x1a"
	"\x70\xa5\xd1\x20\xc4\x88\x64\x7b\xd3\xc3\xc0\xdc\xe6\xde\x8c\xec"
	"\x90\x51\x93\x9a\x5d\xe8\x12\x55\xed\x11\x41\xb1\x6b\x04\xb8\xd1"
	"\xc8\x7b\x8f\x41\xed\xbe\xf0\x7a\x3c\x3d\xfe\xf1\x8c\xef\x0b\x09"
	"\x57\x1b\x05\x6d\x02\xb8\x32\x0c\x75\x85\x40\x6b\x8e\x28\x0d\x88"
	"\xbe\xdb\x50\x2b\x3a\xae\x68\x69\x7c\x57\x34\x81\x19\x2b\xa7\x38"
	"\xe8\x30\x62\xd2\xd4\x3d\x94\x84\x0e\x55\x93\xe1\x2c\x8c\xbc\x11"
	"\xde\x3c\xae\xd8\x51\x96\x11\x3e\x83\x5a\x56\xd5\x5a\xc3\xbc\x1a"
	"\xdb\x8b\x70\xda\x8e\xc6\x92\xdd\x45\x23\x34\x66\x0b\x15\x48\xe2"
	"\xa5\xd6\x86\x0b\xb9\x00\x4e\x07\xaf\x3c\xc3\x7d\xdc\x29\x73\x59"
	"\x20\xf1\x40\xd7\x0a\x41\xc3\xb8\x56\x45\x79\xe1\xa4\x21\xb1\x16"
	"\x18\x2f\x4a\x7b\xd3\x62\x92\x86\xe5\xd6\x0e\x19\x6c\x39\xbb\x92"
	"\x0e\xd0\x07\x66\x9e\xb8\x40\x0b\xf1\x86\xad\x7b\xd2\x40\xbf\xa8"
	"\xd9\xd0\x19\x0d\xc6\xf5\xa4\xe6\x00\xc2\x80\xd0\x1f\x75\x4c\x90"
	"\xed\x81\xb2\x29\x6c\xc7\xdc\x95\xaa\x10\xc4\x80\xb9\xaf\x32\xd9"
	"\xfe\x0a\x43\x2c\x46\x40\x9a\x93\xd9\xd6\x47\x23\x0f\xb0\x06\x4c"
	"\x9c\x38\xb1\x96\xcb\x4e\x37\xb1\x0f\xda\xca\x04\x4e\x7a\x5c\x81"
	"\xe0\x2f\x98\xd8\xe7\x9e\x16\x64\x05\x41\x70\x21\xe1\x00\xaa\x50"
	"\xf4\x5a\x0d\x90\xee\x00\xb4\x40\x18\x67\x65\x05\x54\x4b\x4d\xfc"
	"\x03\x1a\x6b\xd8\x9b\xd8\x8e\xf6\x8e\xd0\x28\xff\xef\x08\xb9\x48"
	"\x00\xd2\xd9\xc2\xe1\x72\xa3\x2b\xec\x56\xaa\x93\x44\x67\xb7\xe9"
	"\xf2\xdd\xc2\xaf\x72\x9e\x8c\xdd\xe7\x41\x68\x81\x3c\xa0\x09\x62"
	"\xaf\xac\x82\xfc\x02\x8a\xd1\xbd\x74\x7e\x51\x32\x25\x26\x0e\x65"
	"\x0c\x5c\xe1\xf8\xc4\x4c\x37\x0b\x03\x38\x25\x37\x5c\xa2\xd4\xdb"
	"\x3a\xeb\x6a\x96\x1e\xe5\x86\x87\xb6\x34\x68\xb9\x91\xad\x39\x5d"
	"\x9c\x2d\xf2\xa8\x75\xa4\x22\x17\xa3\x6f\x7e\xf8\xeb\x60\xa5\xec"
	"\xbc\x58\x10\x74\x11\x9a\x48\xed\xb8\xc8\x5f\x34\x1e\x52\x21\xd3"
	"\x43\xca\x99\x42\xb4\x54\x85\xe5\x56\x3e\x3d\x77\x32\x02\xd0\x99"
	"\x71\xad\x5e\x1d\x77\xab\xb5\x32\x0d\x63\x82\xd6\xb7\x61\xb4\x10"
	"\xb7\x05\x0a\x94\xf5\xf5\x30\x88\x75\x27\xda\xf4\xc2\xd9\xeb\xb5"
	"\x63\xac\x6f\x05\xfe\xb4\xf4\x74\x36\x9f\xcd\xd3\xc1\x69\x87\xd5"
	"\x40\x38\xb7\xb5\x59\xac\x3f\xd7\x97\x2e\xd7\x35\xbe\x5c\xd7\xc8"
	"\x72\x5d\x9b\x97\xeb\xda\xbc\x1e\xcf\x4b\x6f\xdd\x13\x49\x1a\x32"
	"\x6b\x56\xe4\xda\xd8\xa7\x6b\x6d\xdd\x48\x23\xb2\x96\x97\x0e\x32"
	"\x6a\x12\x86\x54\xd1\xfa\x0a\x2f\x43\x80\xa0\x8f\xd0\x52\xe0\xd6"
	"\x31\x5c\xce\x36\x1e\x2a\x04\x1a\x2b\x74\xb8\xd0\xa2\x92\xed\x50"
	"\x26\xd2\x1c\x31\x67\x61\x0c\xca\xd1\x20\xe4\x7b\xbf\x4a\xe9\x4f"
	"\xbc\xf5\xc0\xc6\xb0\x1e\xbb\x33\xac\x95\xa5\xaa\x26\x8b\x65\xa3"
	"\xe7\xda\xae\x1c\x5b\xa7\xa7\x88\x46\x5b\x2b\xf7\x0f\x6a\xe2\xf6"
	"\x25\x57\xf2\xc2\x46\x6f\x10\x70\x74\x6a\x8c\x84\xe4\x79\x1e\x79"
	"\x6e\xc5\x42\x4c\x39\xa5\x49\x9e\xd4\x70\xcf\x67\x93\x15\xf6\xbb"
	"\xde\x99\x8c\xdc\xa9\x7c\xc6\x88\xc6\xf5\x1e\x39\xa2\x30\x61\x55"
	"\x06\x67\x6c\x9a\xd5\x54\x43\xdf\xc5\x4e\xda\x8c\xb0\xf9\x6d\x45"
	"\xb8\x2c\xe6\xc2\x23\x47\x7f\xc3\x61\x49\x26\x1b\x5e\xc8\xf2\x66"
	"\xb6\x98\x2b\x7e\xe1\xce\xa9\x75\xb8\x2b\xcc\x3d\x28\x61\x12\x0c"
	"\xe3\xb3\xfd\x98\x18\x03\xab\xc5\x8a\xa8\x93\xfd\x5c\x20\x43\x88"
	"\xb8\x34\x29\x9d\xd8\x2c\x83\x79\x58\xac\x10\x63\xa2\xdc\xec\x37"
	"\x31\xdf\x66\x29\xc2\x60\xad\xe3\x6c\x9f\x3b\xc8\x89\x42\x08\x81"
	"\xd6\xaf\xae\x10\xad\xa0\x36\x92\x08\xdf\xe7\xef\x7f\x3c\xff\x78"
	"\x7e\x79\xfb\xfd\x3f\x8d\x1b\x40\x61\xb5\xa0\x8c\x0f\x85\x7b\xb3"
	"\x7b\x8f\xe7\x56\x6f\x4b\x57\x1f\x54\x9e\x1c\x18\xd5\x3a\x5b\x72"
	"\x5e\x70\x67\xf5\xbd\xcf\xf8\x8d\xea\x1e\x55\xdb\xa1\x9c\x57\xf7"
	"\xad\x74\x1a\xb8\x03\x74\x7b\xfe\x25\xb9\x8f\xed\x00\x37\xb0\xd2"
	"\xc3\xa1\x1a\xfa\x54\x17\x7c\xf6\x20\xec\x2f\x49\xec\x99\x14\x85"
	"\x95\x9e\xdc\x43\x1f\x5b\x21\xde\x36\xbb\x23\x56\xc4\xfd\x40\x5f"
	"\x79\xba\x95\x72\x0f\x11\xdc\x8f\x02\x59\xc9\xdb\xad\xbd\xc3\xf3"
	"\x88\x58\xa6\xda\xf9\x8d\xb5\xff\x61\x8c\xa8\xc1\x76\x9d\xdc\x37"
	"\xda\x16\x2b\xe4\xdb\xf1\xf3\xf3\xe5\xb7\x97\xc7\xfe\xcb\x2e\x63"
	"\x0c\x35\xa5\x35\x96\x00\x3e\x6d\x55\x3d\x96\x96\x50\x7a\x51\xea"
	"\x93\x07\xb4\x16\x80\xe1\xaf\xf5\xd8\x8a\x06\x40\xb0\xef\x97\x28"
	"\x6e\x6c\x9d\x9d\x2f\x4f\xe0\xd6\x27\xfd\x54\xd3\xe3\x3a\x2f\x97"
	"\xee\x72\x7b\xc5\x18\x60\x6d\xab\x57\x9c\xed\x4d\x19\xa3\x91\x90"
	"\xba\xee\xea\x49\x45\xbb\xfc\x48\x61\xad\x12\x67\x53\xcc\x81\x4e"
	"\xb8\xb2\x5e\xa2\x86\x35\x3c\xa7\x09\x4f\xd0\x10\xa8\x53\xc9\xb3"
	"\x21\x7a\x09\xde\x13\x0d\x84\x4b\x49\xad\xc5\xea\xb7\x68\x89\x92"
	"\x90\xd2\x19\x2a\x00\x0c\x01\x2d\x7d\xe6\x78\x9a\xae\xb3\x03\x2f"
	"\xc7\x20\x00\xd2\x9f\x0f\x38\x05\x7c\x68\x23\xb9\x01\x39\x89\x8a"
	"\x42\x8d\x39\xd5\x52\xa8\x93\xe4\x31\xb1\x7c\xaa\x59\x09\xb4\xc9"
	"\x18\x4f\xd5\x55\x95\x58\x9e\xd3\x44\xc9\x91\x65\x14\x38\xe0\xce"
	"\x1d\xcc\xc4\xd3\xde\xe0\x7a\x00\x60\x21\xac\x00\x36\x39\xed\x25"
	"\x34\x42\xeb\xa1\xaa\x26\x99\x6f\x85\x44\x01\xb1\xd2\x85\xde\x0d"
	"\x68\x53\x5b\x66\x45\x24\x6b\xcc\x77\xfb\x6d\x14\x28\xa7\xaf\xef"
	"\x99\x8f\x4c\x3f\x05\x0b\x72\x9a\x41\x14\x59\x33\x3f\xcc\x18\x50"
	"\x87\xfb\x2b\x36\x92\xb3\x9c\xa4\x3b\xba\x8f\xd8\xec\x35\x73\x6b"
	"\xe2\x32\x48\x51\xc5\x20\x78\x47\x47\x95\xe3\xd9\x34\x44\xbf\xac"
	"\x53\xc4\x21\xfd\x96\x5a\x8e\x4d\x5e\x53\x4d\x87\x45\x41\xc4\x4b"
	"\x10\x36\x80\x64\xcc\x86\x4a\x3d\x6a\xf2\x76\x7f\x97\x66\x0f\x8c"
	"\x26\x49\x22\x0b\x39\x40\x5d\x11\xf0\xd8\x8e\xb2\x2e\xdc\x43\x4e"
	"\x0d\x51\xca\xb8\xee\x13\x76\xb6\x4b\x98\x46\xe3\x1c\x99\x1c\x05"
	"\x44\x1b\xa4\x87\x5a\x8d\x60\xe4\xde\xc7\x6a\x68\xa2\x5f\x54\xf3"
	"\x17\x1e\xad\xa8\x2c\x88\x93\x18\x9c\x6c\xcb\xfa\xd5\x31\x04\x71"
	"\x6d\x24\xf0\xb2\x59\xc5\xe4\xf4\xfc\x79\x32\x30\x9a\xf9\x5d\x89"
	"\xc5\xd0\xe4\xf7\x04\x08\xf3\x90\x64\x69\x54\x22\x4e\x49\xb7\x4e"
	"\x52\x38\x3e\xd6\x29\xc8\x8a\x46\xfc\x80\x3b\xec\xea\xf8\x80\x7a"
	"\xd6\x0d\xea\x3b\xc4\xb7\xea\x50\xc7\x80\x51\x42\x51\x29\xb2\x99"
	"\x7d\x04\x21\xab\xa9\x21\x45\xf5\x9f\xb7\x27\x5c\x5f\x41\x96\x13"
	"\xf2\x24\x35\xea\x64\x93\x24\xbb\xad\xf1\x82\x10\x2e\x04\x92\xc6"
	"\x7d\x1a\xf3\x04\x1e\x5d\x1a\x74\x28\xfb\x58\x98\xdc\x24\x66\x8b"
	"\xb7\xa8\xf7\x4e\x91\x32\x06\x4a\x9d\x86\x2d\xcc\x23\x45\xd9\x05"
	"\x02\xaa\xb3\xb4\x42\x82\x05\x9e\xb3\x15\xaa\xb7\xb9\x49\xdf\xa3"
	"\x43\x71\x23\x15\x08\xa9\x50\x90\xd0\x77\x0d\xb5\xf3\x0a\xdf\x91"
	"\xe2\xa6\xf7\xcb\xd9\x6b\x07\xe5\xf9\xba\x15\xb9\x1c\x81\xb9\x85"
	"\xed\x11\x35\x12\xf0\x08\xfc\x55\x8d\x7b\x60\x80\xb8\x6e\xb2\x05"
	"\xfe\x3e\x62\xa9\xe6\x7b\x7d\x70\x17\xc5\x38\x0b\xbc\x41\x9c\xb3"
	"\x38\x91\xf9\xa0\xf1\x48\x0e\xcf\x5b\xc8\x35\x27\x30\xcf\x5b\xb0"
	"\xba\x42\x69\x4e\x42\xab\x14\xff\x96\xa5\xd7\x79\xba\xba\xba\x46"
	"\xa9\x01\x71\xca\xaa\x20\x35\x4d\xe7\xb3\x59\x85\x67\xb2\x36\xf7"
	"\x3d\x81\x88\x0f\x20\x97\x21\x68\xdd\xc1\xd1\x03\xb2\xea\x9c\xa2"
	"\xf5\xf4\x13\x13\xe7\x0e\x07\xdd\x2d\x56\x33\xc7\xd6\x39\x20\x4c"
	"\x0c\x91\xa3\x2e\xef\xf3\x3d\xaa\xad\x0c\x72\x5a\x9b\xf4\x63\xdb"
	"\xe3\x95\x96\xba\x4b\x49\xb6\x7b\xb3\xe1\xd5\x02\xb6\xf1\x0d\x90"
	"\xec\xe0\x34\x34\x4e\xce\x03\xf7\x6c\xd1\x20\xf4\xb8\x30\x86\x4d"
	"\x5c\x58\xcc\x72\x05\x98\x50\x13\xd9\x34\xfe\xe9\x7e\xbe\x3c\xca"
	"\xa6\xbf\xb2\x8b\x89\xc4\x75\xda\x2d\x3d\x7c\x7e\x7b\xfe\x78\x79"
	"\x6c\x80\x92\xf3\x92\xb3\x75\x9b\x08\xb4\x26\x9e\x98\x11\x61\xcc"
	"\xae\x4c\xf2\x80\x1a\x85\x53\xa0\xa4\x16\x6b\x91\x88\xf2\x42\xe4"
	"\x19\x44\x45\x02\xa1\x2a\x85\x5f\x0d\xd3\x6e\xbb\xaf\x3b\x7f\x13"
	"\xdd\x06\xdc\x7c\x13\xa5\x8d\x99\xad\x1c\x5d\xb1\x2c\x9c\x0e\x71"
	"\x3b\x3d\x7d\x7e\xaf\xdf\xde\x7f\x1e\x4f\xcf\x7f\xfe\xe7\xed\xb4"
	"\x5c\xaf\x16\xab\xfa\x38\x5b\xd4\x8f\x9f\xef\xa7\x7f\xff\xfa\xf2"
	"\x36\x35\x7f\x08\x6e\x5f\x6e\xa7\xbf\xbd\x7c\xbc\xfe\x75\xfc\x78"
	"\x9e\xf6\x2a\x53\x4b\xde\x46\xa5\x8a\x99\xc8\x72\xec\x88\xce\xc1"
	"\x0b\x9c\xab\x10\x2a\x43\xb2\x8f\xd5\x22\xe0\x09\xc3\x73\xa4\xb3"
	"\x39\x80\xec\x0a\x44\x70\x29\x00\x70\x32\x34\xd9\xb0\x4d\x38\xc1"
	"\xfc\xdf\x73\x98\x03\xd6\xb3\x2d\x98\x07\x2b\x33\x2f\xb0\x03\xad"
	"\xb7\x07\xd6\xa8\x5d\x44\x91\x13\xbc\x8b\x42\x9e\x57\x4d\xd8\x57"
	"\x6a\x71\xc5\xd4\x7a\x6f\xd7\x42\xcc\xb3\x33\x43\x79\xe9\x11\xbf"
	"\xeb\x48\x0e\xe2\xdc\xa4\x51\x39\x06\x59\x93\x96\x24\x72\x0c\x45"
	"\xf0\x48\x4a\xb7\x6c\x50\xfd\xc6\xd3\x8f\xd2\xd9\x8c\x18\x10\xf0"
	"\x7e\xc4\x15\x95\xcc\xdd\x09\x51\x70\x8c\x21\x72\xdb\x66\x08\xcf"
	"\x87\x67\x4f\x8a\x9d\x4b\xca\x27\xbe\x06\xfb\x76\xf7\x5e\x74\x35"
	"\xc3\xfd\xc3\x36\x90\xd5\xdf\x7f\x0f\x40\x10\x7e\xa8\xf0\x12\x5a"
	"\xba\x75\x18\x51\x97\x01\xcd\x07\x0c\xdc\xc2\xc0\x1f\x14\x78\x6a"
	"\x35\xcf\xa2\xd6\x67\x74\x2d\x7e\x9b\xcf\x30\x76\x49\xea\x85\x23"
	"\x3b\xcf\x85\x14\xf1\x38\x9d\x94\xa6\xa5\xee\x97\xd2\xf0\x66\x8a"
	"\xe8\x20\x0b\xc0\xc4\xb6\x2c\xcd\xca\x02\x8c\x0a\xd6\xeb\x60\x3a"
	"\x21\x67\xd0\x38\xfa\x32\x92\x40\xbd\x4b\x61\xd8\x58\x5a\x54\xdc"
	"\x2b\xbf\x15\x0b\x56\xf6\x3b\xf1\xe5\x69\x95\x05\xad\x43\x3e\xbf"
	"\x16\xee\xea\xe4\xda\x36\x8e\x81\xd0\x70\x07\x67\xcf\xc2\x22\x12"
	"\x9d\xce\x05\x35\x49\x78\x2c\x5e\x53\x84\x9f\xb4\x8a\x63\xf8\x61"
	"\x72\x44\x54\x38\xd2\x8d\x05\x7e\xd5\xfb\x22\x2a\x89\xba\x31\xf1"
	"\xf4\xb8\xa8\xc6\xd1\x3a\xdb\xf5\xc5\x55\xbf\x2e\x1e\xdb\xe1\x84"
	"\x8d\x81\x25\x9e\x70\xac\x04\xa7\x91\x53\xb9\x4b\xbc\x2e\x6a\x79"
	"\x3f\x77\x08\xcc\x93\xc5\x5a\x68\x99\x1e\xcc\x2f\x5c\xdf\x0a\x48"
	"\x5d\xdf\x52\x3d\xa5\xcf\xa4\xc4\x5e\x38\x75\x99\xc6\xf9\x49\xd5"
	"\x8f\x9f\xe7\x83\xeb\x24\x76\x37\xf2\xfc\x9d\x8f\xbd\x39\xf0\x29"
	"\x53\x13\xc4\x46\xb9\x2b\x01\x69\x50\xba\x4b\x48\x8d\xf1\x7d\x40"
	"\x13\xaf\x70\xfd\x20\x1f\x2f\x9f\x8f\xa6\x5d\x8a\x92\x94\xed\xf0"
	"\xe0\x9e\x80\x2e\xe3\xdd\x6c\x81\x54\xdb\x67\xe7\xe9\x43\xed\xe7"
	"\x99\x99\x53\xe7\xfe\x5f\x60\x5d\x99\x9f\x39\x3c\xba\x59\x2e\xe8"
	"\xd5\x0c\xe1\x26\x53\x2f\xce\x28\x67\x47\xe1\xc0\xf1\x90\xc3\xce"
	"\xc9\x7d\xba\x61\x7c\xbd\x83\x88\x11\x22\x1a\x2f\x36\xb3\xd9\xd2"
	"\x42\x44\x3c\x18\xb7\x7d\x50\x32\xd0\x6a\x65\xc7\xb8\xdb\xf9\xf5"
	"\xb5\x1d\xc2\x2b\xba\x99\x99\xef\x16\xdb\xc4\x5b\x2f\x57\xe6\x87"
	"\x2a\x9f\xce\xd7\x37\x0b\xe4\x49\xb1\xf6\x1d\xef\x7a\x35\x37\x93"
	"\x2b\x76\x00\x08\x71\x48\x1d\x50\x67\x73\x75\x33\x43\xde\xaf\xca"
	"\x92\xf5\x6f\x4d\xbc\x7c\x69\xdb\xed\x29\x9b\xdf\xe6\x31\x10\x6e"
	"\xe9\x18\x99\xad\x48\xd3\x79\x5f\x45\x3e\x67\x1e\xb8\x1d\xbf\xe2"
	"\x38\x41\x26\x58\x3c\x5a\x34\x37\x03\xae\x6f\xc5\xf5\x9c\x8c\x36"
	"\xa1\x6c\x7d\x44\xf1\xf9\x05\xf4\xbc\x00\x17\xfa\x66\xca\xe7\x3a"
	"\x21\x8c\xef\x48\x4c\x7e\xa3\x05\x85\x2d\xcb\x85\x59\xed\xe8\x4c"
	"\x5f\xd9\xe8\x31\x09\x1d\xef\x60\x43\xb0\xbb\xe6\xfa\xe6\xda\x9a"
	"\xc9\x66\xe9\x3d\xac\xed\x80\x87\x87\x2b\x2b\x22\xf2\xcb\xfa\x66"
	"\xb3\xcd\x09\x7d\xe8\x87\x3d\x79\xfe\xfb\xf8\x39\x89\xde\x3e\x4f"
	"\x1f\x3f\x5e\x79\xbc\xe6\xcf\x3f\x18\xcf\xfb\x34\x39\x7d\x1c\xdf"
	"\x3e\xa1\x63\x26\xdf\x5e\xde\x9e\x27\x4f\x6c\xa7\x78\xf9\x0e\xff"
	"\xca\x1d\xc5\x26\x20\x2d\xad\xd3\x1e\x76\x10\xe0\xd2\x86\x41\x8c"
	"\xbd\xeb\x7b\x31\x02\xd5\x95\xe3\x84\xc7\x0d\x69\xd9\xf1\xc9\xd3"
	"\xfb\x5f\x6f\xdf\xde\x8f\xad\xcd\x88\xc2\x5d\xc1\x03\xb6\x03\xf3"
	"\x24\xef\x7b\xec\x8e\xde\x4e\xcf\xdf\x26\x49\xe4\x71\xde\x4c\xdc"
	"\x77\x5a\x57\x40\xd4\x63\xd7\xf4\x7e\xf2\x8e\x9d\x30\xfd\xd4\x73"
	"\x46\xdb\xf7\xcf\x13\x4a\xf4\x8e\x1f\x4f\xa6\x62\x50\xfc\xfb\xf7"
	"\x2e\x1a\x04\x3d\xb1\x3b\x8b\xec\x54\xf2\xff\xbc\x8c\x26\xff\x2f"
	"\x5d\xe7\xba\xfa\x75\xd9\x9d\x87\xdd\xdb\x22\x22\xb4\x87\x98\x07"
	"\x66\x44\x89\x4e\x50\xb5\xd7\x00\x6d\x25\x2b\x30\x4d\x6c\xd1\x2d"
	"\x52\x11\xaf\xa7\xe6\x71\xe0\x55\x7f\xba\xec\xb2\xda\xc5\x27\x9b"
	"\xbe\x9e\x20\x30\xcf\x54\x65\x89\x4a\x6e\xf5\xc7\x95\x48\xa6\x7f"
	"\x2e\x37\xa7\x9f\xf3\xfa\x57\x76\x7b\x3b\xbd\x9c\x8e\x6f\xf5\x1f"
	"\xc7\xd7\x4f\x36\x13\x24\x0b\x6f\x98\x12\x0d\x87\x07\x8b\x1b\x73"
	"\x44\x09\xd9\x3a\x6e\x0d\x5e\x80\xaa\xdc\x77\xcc\x0a\x71\x4d\x58"
	"\x6c\x07\x1e\xe9\xb2\xde\x25\x3b\x16\x56\xca\xa6\x06\x33\x2a\x77"
	"\xf8\x0b\xd1\x66\xb9\x69\x90\xfe\x2d\x49\xc3\xfe\xd5\xf6\x3c\x4e"
	"\xec\xd2\x49\x12\x08\xf6\xb8\xaf\xb1\xbd\x95\xd7\xc0\xdf\x19\x8e"
	"\x6e\xee\x77\xb4\x9b\x58\xa7\xf7\x0f\x36\x55\xfe\x3b\x21\x49\xe2"
	"\x7d\x99\xa4\xec\xd2\xfd\x65\xf2\xbd\x0d\x53\x28\xc5\x8e\x63\xd9"
	"\x85\xb9\x50\x21\x60\x25\x9f\x05\x70\x72\x2e\x13\xf7\xdb\xfb\xe3"
	"\x9f\x93\xf2\xa8\x08\x78\xe1\xd3\x28\x13\xce\x58\xd1\xaa\xe6\x6c"
	"\x43\x4f\x9c\xbe\xf5\x05\xf7\xfc\xf4\x65\x92\xb3\x79\xfe\x65\xe2"
	"\x1e\x4f\x6c\x30\xff\x99\xfc\x6b\x12\xbf\xff\xd5\x38\x85\xfa\x78"
	"\xfe\xc6\x66\xfc\x13\x38\xb2\xfc\xed\xe5\xf7\x4f\xb5\xc6\xf0\x59"
	"\xe7\x1e\x4c\x9b\x55\x40\xea\x5b\xb3\x9e\x49\x5b\x70\x6a\x52\xb2"
	"\xd3\x75\x89\x57\x5a\x05\xae\xc6\x02\xd7\xc8\x9c\xd0\x60\xd7\x03"
	"\x15\xbb\x19\x5b\xde\x66\x34\x30\x1f\x89\xdc\xcc\x46\x02\x97\x78"
	"\xa7\xb0\x59\xec\x56\xc6\xf0\xbb\x7c\xf1\x55\x0f\x8e\xef\x81\x3c"
	"\x38\xe8\x2d\x8e\x87\x46\x46\xec\x6d\x81\x3b\x2d\x6a\x50\x4f\x67"
	"\xc7\x38\x44\x81\x36\x97\x16\xf8\xbc\x32\xd7\xf8\xdd\xb9\x85\xac"
	"\x2d\x90\x96\x8c\xb8\x9e\x68\xe8\xb1\x9f\xd9\x86\x77\x5f\x38\x39"
	"\xbb\xc1\xc5\xa6\xb1\x45\xbb\xaa\x61\xc6\xa2\x34\xaf\x4a\x08\x3c"
	"\x03\x7f\xbc\xaa\x80\xf8\xba\xed\x52\x44\xbf\xed\x9e\x14\xda\xde"
	"\x1a\xfa\xa0\x71\xe9\xf5\x50\x1a\xba\x54\xde\xc0\xc0\x8f\x34\xc7"
	"\xea\x4d\x71\xf2\x8a\xf3\x66\x03\xe5\x34\xb0\xa2\x1c\x8b\x4c\xfc"
	"\xd8\x19\x8b\xdd\xe5\xd5\x10\x84\x70\x09\xcf\x40\x76\xad\xe3\x4b"
	"\xbc\xb7\xca\x1c\x79\xc9\xed\xa8\x6c\xe3\xac\xac\x05\x24\x94\xee"
	"\xac\x80\xbb\xac\xc0\x26\x15\x37\x14\xf0\xba\x81\x90\x28\x55\x1a"
	"\x05\x07\xf3\x08\xd1\xd8\xb5\x4c\x36\x46\xac\x93\x84\xda\x4e\x16"
	"\x8f\x9d\x6d\x61\x61\x99\xaf\x39\xfe\xed\x7d\x46\x85\x03\x6e\x70"
	"\xcf\x60\x45\xed\xe6\x76\xf2\xc2\xf4\x92\x54\xd1\x92\xb1\xae\x8d"
	"\x1f\xc5\xad\x9f\x44\xb7\xd3\xa9\xfa\x2d\x24\x0e\x0e\x3c\x07\x2d"
	"\x7d\x13\x4e\x42\x95\x5b\x52\x24\x6c\x27\xca\x9d\x7a\x17\x39\x8c"
	"\xb1\xf7\x12\x5f\x1d\x85\x16\x11\x44\x0f\x10\xb0\x41\xb5\xe6\xe4"
	"\x7d\x95\x27\xe5\xde\x76\x88\x83\xcb\x3e\x37\x34\x48\x45\xce\xe1"
	"\x36\x93\xe7\xa7\x97\xe3\x97\x89\xff\xf2\xf9\xfd\xdb\xf1\x9f\x2f"
	"\x8c\x83\x7c\x65\xec\xaf\xe4\xb2\x54\xe9\x94\x28\x09\x05\x03\x7d"
	"\x3b\xfd\xfd\x71\x35\x5b\xae\xea\xd7\x97\xef\x2f\xf5\xc7\xf1\xaf"
	"\xc9\xcb\xeb\xdf\x8b\xd5\xcd\xf9\xf7\xef\x8f\xb3\xc5\xeb\xbc\xfb"
	"\x3d\x35\x67\xe8\x81\x6c\x83\xb5\xd1\x2f\x76\xb7\x53\xb7\xf0\xdc"
	"\xd9\x72\x11\xee\xbf\xd6\xcb\x49\xc8\x6e\x42\x8f\xcb\xc5\x71\xf2"
	"\x78\x3c\xb1\xff\xe6\x6b\x6d\x28\xe0\xe9\x65\x17\xf9\x24\x83\xa8"
	"\x1b\xdb\xc1\x41\xf1\xc1\xa7\x2b\xf8\x8f\x03\x67\x49\x43\x2b\x97"
	"\xcd\x30\xc6\xd2\x47\x34\x47\xc6\xae\xa9\xb5\x1a\x84\x8b\x7f\xa3"
	"\x39\x3e\xea\x11\xe1\xde\x51\xc2\xb4\x52\x56\x84\x7f\x5f\xef\x96"
	"\xea\xe0\x43\xa2\x3e\xde\x1c\x58\x3a\xae\x65\x6d\x31\x40\xe2\x66"
	"\x0f\xb5\x59\xe5\x87\xf3\x53\xdd\x10\xca\x7e\x2d\x21\xaa\x40\x70"
	"\x38\x13\x4d\x3a\xd3\x2d\xad\x1d\x42\xd1\x2a\x43\x27\x38\x4e\xc9"
	"\xda\x33\x47\x1e\x27\x25\x08\x12\x7e\xb7\xc3\x54\x80\x19\xcc\xe6"
	"\x6a\x8e\x77\x39\xcf\x63\xb6\x30\x56\x92\x51\x16\xd6\xdc\xc1\x65"
	"\xfd\x40\x05\x38\x64\xb1\xc0\x2b\xd0\x3e\x91\xf2\xb8\x2c\x75\xca"
	"\x12\x6f\xa7\xc7\xe3\x8f\xfa\xe7\x6c\x31\xd5\xa1\xbc\x77\x67\xb7"
	"\x53\x6d\x29\x99\x71\xf3\xde\x12\x34\xe3\x16\x80\x43\x96\xa2\x8c"
	"\x5b\x4a\xb3\x52\x21\x5c\x61\x84\x15\x46\x98\xd5\x0b\x8c\x34\xc7"
	"\x49\x0b\x9c\xb4\xc4\x49\x57\x38\x69\x25\x48\xbd\x81\xf7\x9d\x9c"
	"\xc7\xbf\x48\xa2\x3c\xb2\xce\x73\x76\xd4\xcb\x1e\x61\x60\xf5\xfc"
	"\x92\x93\x50\x4d\xa1\x6c\xb3\x57\x54\x2e\xf8\xce\x2b\x6b\xeb\xa8"
	"\x3b\x1e\x90\xa6\x9f\xaf\x8f\x4f\x9f\x4f\xf5\xf7\xe3\xdb\xf3\x37"
	"\x6d\x5f\x63\xf4\xe6\x19\xab\x86\x37\x04\xcb\x29\x42\x13\xcf\xa7"
	"\x10\x71\x40\x73\x29\xd5\xa4\xc7\x9e\x6f\x11\x6f\x35\x20\x3f\xaf"
	"\x22\x1b\x3d\xf1\xd3\x88\x58\x33\xc8\xbe\x5a\xe9\xf0\xc2\xbc\x15"
	"\xf1\x3f\x86\x60\x3c\x38\x19\xe3\x78\x1c\x24\x30\x69\x5b\x25\x87"
	"\xb2\x5e\x72\x0e\xc8\x5b\x65\x5b\xaf\x03\x5b\x6b\x8c\xbb\xd1\x07"
	"\x59\xc7\xf1\xde\xab\x1d\x64\x95\x6b\xa0\xf9\x08\xd0\xd5\x38\x10"
	"\x9b\x49\xe9\x08\xe0\x6c\x0e\x0f\xb6\xc3\xc0\x64\x54\x03\x16\x23"
	"\x40\xc9\x18\x90\x33\x5b\xea\xf5\x32\xc3\x16\xea\xba\x08\x5c\xfd"
	"\x4c\xe3\x47\xf8\x03\x72\x56\xc1\x5a\x00\x3b\xe3\x08\x58\x84\x22"
	"\x2b\x85\xa7\xb6\xe9\xcc\xb0\x64\x7a\xb0\x7a\xbb\x47\xcf\x49\x11"
	"\x24\x86\xb5\x20\x35\x5f\x6a\x5a\x29\xb5\x07\xd1\x23\xe1\xe1\xec"
	"\x76\x0a\xc1\x2d\xa6\x32\x61\x1f\xf9\xe5\xf6\x76\x7a\xbd\x98\xe9"
	"\xac\x0d\x50\x1f\x78\x2d\xfb\xe9\x07\x39\x5d\xf4\x48\x5b\x81\xda"
	"\xa1\x14\x14\xa3\x58\xd5\xf9\xec\xee\xdd\x8d\x58\xe3\x86\x38\x97"
	"\xcc\xb7\x42\x68\x04\xf6\x4e\xcd\xe0\x88\xcb\x20\x9e\x55\x13\x68"
	"\x84\xa4\x21\x44\xd1\x18\xe4\x99\xb2\x94\x56\x09\xbc\xe5\x3b\xac"
	"\x0d\xac\xaa\x42\xf6\x35\xc0\x04\xe7\xa0\xe5\x1f\xb3\xad\x96\x2b"
	"\x94\x4d\x7d\xc6\x72\x4d\x75\xbe\x8d\x2c\x67\x83\xa5\xb3\x3b\xea"
	"\x66\x56\x6f\xbf\x22\xc5\xec\xb8\xb2\x41\x5e\x44\xa9\xb6\x4f\xfb"
	"\x15\xf0\x9e\xac\x54\x68\x69\x2b\x99\x9a\xc9\x88\x24\xc9\x8b\x8c"
	"\x87\x28\x32\x68\x8e\x75\x44\xfc\x2e\x10\x31\xee\xdd\xa7\xf9\x30"
	"\x7f\xda\xec\x57\x41\x2e\x5d\x71\xc6\x70\xaa\x9d\x5d\xda\x28\x70"
	"\x48\xd8\x7e\xce\x03\x70\x0d\xa2\xbd\xaa\x77\x63\xa0\xcf\x6f\x9f"
	"\xef\xaa\x53\x7f\xc1\x8a\x8b\xe3\xd2\x3a\xd4\x0d\x08\xc4\x69\x11"
	"\xc8\x06\x2a\x50\x96\x99\xff\x7b\x86\x5c\x0c\xb8\x46\x2b\x29\xb2"
	"\x84\x94\x86\xa5\x00\xc4\x6d\x85\x33\xc2\x6e\x12\xb1\x05\xab\xcb"
	"\xf7\xd5\x4d\x23\xa2\x4b\x1f\x0c\x66\xf6\x48\x85\x13\x6f\x79\x35"
	"\x9f\x35\x2a\x20\xca\xa7\x40\x59\xe2\xb2\xbd\x24\xaf\xd6\xb3\xd5"
	"\x2c\x1c\xbc\x62\x3a\x31\x55\x15\x75\x85\xf4\x0a\xbc\x76\x71\xf1"
	"\x89\x00\xe0\xc2\x08\xa0\x6a\xbd\xa0\x5c\x06\x96\xeb\xd5\xea\xa6"
	"\x27\x5b\x2e\x8b\xe5\x0c\xaf\x3c\x23\xaf\x56\x9b\xc1\xaa\x87\x87"
	"\x22\xa3\x5e\x96\xf7\xee\xa4\x40\x18\x1e\x99\xf0\xa0\x8f\x8d\x7c"
	"\x43\x29\xc3\xf9\x6c\x3e\xeb\xf5\x7a\xd3\xad\x07\xbc\x43\xa4\xae"
	"\x4b\x9c\x30\x25\xa5\x98\x3e\x83\xad\x91\xc1\xbd\x62\x9d\xd0\xd6"
	"\x1e\xe7\x2e\x99\x6d\x36\xf3\x95\x65\x22\x35\x90\x1b\x75\xeb\xd9"
	"\xee\x13\xf9\xb9\x42\xad\x90\xeb\x20\x33\x1f\x08\xf8\x90\xbb\x49"
	"\xbe\xb8\x99\x41\x55\x94\x0b\x8f\xb6\xb0\x18\xf3\xcb\xb7\x8b\xde"
	"\x45\x4f\x5b\x63\x02\x87\x35\x5e\xcd\xb5\x59\xdd\x41\x45\x35\xff"
	"\xff\x08\x3e\x2c\x76\xb6\x0a\x68\xe0\xe4\x12\xf4\x25\x58\x08\x10"
	"\xc5\xd8\x4d\xd8\x4e\x2e\xa8\x0e\x44\x25\xb3\x77\xa0\xfa\x41\x56"
	"\x40\x80\x83\x5e\x68\x04\x04\x5d\xa5\x8c\x8d\x89\x60\x8f\x1b\x5f"
	"\x42\xf3\x0d\x2c\xbe\x8b\x3f\x62\x13\x7c\x68\x2e\x9c\x91\xb6\xa5"
	"\x20\x55\xc2\x06\x0b\xe1\x1a\x96\x95\x3b\xe2\xd9\x50\x9c\x8d\x1b"
	"\xc0\x84\xac\x42\xc3\x39\x35\xc3\x65\x83\x74\xd3\xc0\x06\x12\xa3"
	"\x38\xa2\x03\x2c\xf9\x68\x8b\xa6\x24\xb9\xd0\xec\x21\x63\xc6\x8b"
	"\x46\x61\xca\xd5\xe6\xd9\x2d\x29\xc9\xd0\xd9\x24\x44\xbb\x24\x07"
	"\xf8\xc8\x7a\x44\x65\xe5\x0c\xe4\xe7\x58\x5b\x1e\xa5\xf9\x9d\x8d"
	"\x0e\xf1\x45\xac\x63\x14\xdb\x37\xd9\x94\xc2\xc3\x02\x04\xc5\xae"
	"\x6d\xb8\x3c\xf2\xee\xaa\xdc\x86\x68\x6e\xd6\xd2\x8a\xb4\x66\x28"
	"\xba\xb9\x3d\x53\x6c\xc8\x32\x8a\x4b\x01\xb3\xa1\x78\x78\x5a\x1b"
	"\x80\x3a\x45\x7d\xc9\x8e\x3b\x0e\xeb\x46\x70\x9a\x80\xde\xe8\xc0"
	"\x42\x87\x87\xa8\x1b\x5c\x74\xbe\x0d\xea\x98\x26\x6b\x9f\x72\xae"
	"\x33\x4b\x7d\x2d\x44\xb4\x0e\xe6\x9a\xbe\x9e\xf6\xfa\x2f\x64\xcf"
	"\xef\x4f\xcf\xaf\x93\x7f\x81\x8b\x90\xb7\xe7\xc7\xd3\xcb\xcf\x97"
	"\xd3\x3f\xea\x03\xac\x97\x25\x6e\xd6\x93\x80\x42\x62\xf7\x44\xb8"
	"\x5e\xcc\x2c\xf7\x11\x15\x79\x33\x0e\x79\xbd\x5e\x8f\x47\x2e\xc7"
	"\x96\xbe\x1c\x5d\x4f\xe4\x1a\xaf\x21\xe1\xb2\x75\xa0\xf5\xfa\x7a"
	"\x75\x7d\x11\x7c\x5c\x8d\xcf\xb9\xdf\x5c\x06\xdf\x5c\x56\x99\xd5"
	"\x65\xf0\xf9\x05\xf0\x9b\xf9\xfa\xfa\x32\xf8\x25\x4d\x5d\x6e\xd6"
	"\x97\xf5\xfb\xf5\x1c\xe3\xd1\x0d\xe0\xe5\xc6\x32\xeb\xcf\xdd\x71"
	"\xd9\xd8\xdc\x5c\xd4\xd9\x37\xab\x8b\x26\xca\xcd\xf5\x65\xf0\x0b"
	"\x2b\xb3\x59\x0e\xf6\xde\xed\x54\xea\xbe\x69\x1f\x03\x8a\x40\xfc"
	"\x9d\xa8\xf7\xa2\xd7\xe4\x91\x25\x89\xb5\x10\xb7\x34\x0f\x0a\x3b"
	"\x8b\xad\xdf\x85\xb9\x26\x40\x16\xc9\x7b\x76\x8e\xf7\x9e\xf1\x1d"
	"\x4a\x85\x08\xb4\x98\x0f\xbf\xb4\x9f\xc1\x8b\x81\x8b\x37\x94\xc5"
	"\xae\xac\x9e\x24\xc0\x90\x0f\xc4\xad\x97\xef\xd6\x5e\x5b\x23\x55"
	"\xa2\x93\xb2\xeb\x20\xa9\x23\xdf\x33\x09\x3f\x42\xa3\xde\xa5\xd0"
	"\xf6\xa1\x46\x69\x49\x43\x2a\x48\x18\x71\x5b\x58\x4a\x4a\xab\x16"
	"\x15\x80\x49\x12\x21\xa5\x04\xc2\x70\x53\x13\x30\x26\xcd\x7c\xe0"
	"\x9b\xfe\x8a\xfd\xd6\xc6\x9b\x01\x56\xb3\xbb\xed\xd7\xc1\x1e\x66"
	"\x4c\x2a\x38\xb1\x69\x23\x5f\x8d\x11\x80\xa5\xec\x9f\xe5\x72\x79"
	"\x2d\xe6\xef\x98\x0f\x60\xca\xfa\xc4\x8f\x44\xec\x60\x70\x49\xa5"
	"\xc7\x8c\x52\x24\x32\x5e\xd4\x5a\xb8\xa8\xad\x4e\xfc\x6e\xc6\xdc"
	"\x6e\x54\xc2\xd2\x2c\xd6\xe2\x76\xbe\x5e\x92\x6a\x63\x4e\x44\x19"
	"\x5c\x1d\xcf\x44\xf1\x62\x5f\x8d\xd7\x2e\x91\xbc\x28\x40\x2a\xde"
	"\x00\x16\x3d\x5d\x35\x1a\x25\x35\x84\x9d\x6b\x14\x47\x18\xa7\xc5"
	"\x55\xfd\xb9\x77\x3b\x5c\x7d\x24\x81\xc8\x67\xa6\x6e\xa0\xa0\x8b"
	"\x6b\x9c\xe5\x62\x70\xb4\xf7\x75\xb7\x8c\x7a\x0a\x42\x89\xef\x0f"
	"\x8f\x1c\x58\xfc\x79\xf1\x9d\x5b\x05\x35\x49\xf5\xa8\x3b\x8d\xa0"
	"\xec\xf1\xc7\x87\x60\x69\x54\x2e\x91\x10\x36\xab\xad\x05\x94\x05"
	"\xb0\x6e\x29\xe3\xd5\x4a\xeb\xeb\x4f\x12\x79\xac\x97\x00\x2c\x03"
	"\xa5\x16\xaa\x74\x88\x29\xca\x85\xe7\x4b\x49\x8e\x2d\x63\xbe\xf6"
	"\x87\xfd\x4c\x6d\xa5\x93\xaa\x25\xb1\xe9\xf3\x46\x43\x31\x03\x4f"
	"\xcd\x6a\xef\x62\x60\x30\x83\x32\x3b\x80\x92\x3e\xd9\x05\xd4\x56"
	"\xbf\x20\xb7\x51\xef\xc8\xa1\xb5\xbe\x6f\x41\xa6\x6a\x59\x74\xc1"
	"\xcf\xa0\xd6\x28\x68\xe4\xc8\x7c\xd5\x7d\x92\x2a\xc3\xd2\x99\xcb"
	"\xd1\xa1\x62\xcb\xaf\x4d\x8f\x35\x23\x01\x62\x6b\xb4\xba\xfc\x93"
	"\x86\xf5\x47\x26\x91\xb0\xc3\xfc\x3a\xb9\xfb\x78\x7e\xd6\x27\xa9"
	"\x98\xd3\x67\x51\x31\xbe\x3f\x7f\xad\xef\x0a\x42\x4c\xf9\x96\x1f"
	"\x3f\x3e\xd5\xe9\x1f\xf2\xae\x40\xf2\x02\x2a\xaf\xf5\x41\x34\x2b"
	"\xc0\x8e\x16\xde\x1c\x27\x15\x0e\x0c\x25\x8b\x42\x12\x16\x11\xad"
	"\xcb\x2a\x42\xa5\xcf\xad\x90\x7c\x8f\x1d\x4d\xa0\x50\x02\xcf\x10"
	"\x49\x9d\xee\xc0\xac\x86\x1d\xed\xb0\xe1\x69\x1d\x20\xdf\x4a\x77"
	"\xee\x62\x86\xe5\x16\xb1\x8b\x65\x06\xaf\x9a\xb6\x01\xc8\x4e\x7f"
	"\x3c\x7f\x4c\xf2\xe7\x8f\x97\xef\xec\x9f\xe3\x37\x4d\x07\xd5\xf1"
	"\x3c\x5f\x8d\x1a\x29\x52\x6a\x12\x19\xd9\x0e\x89\xaa\x9a\x96\x35"
	"\x84\xf6\xa1\x09\x00\x33\x43\xb6\x32\x7d\x8e\x99\x5d\xc8\x40\x37"
	"\xea\x55\xe5\x6c\x5f\x42\x1c\x9f\x72\x77\xec\x11\x57\xbc\xf1\x7c"
	"\xdf\x8a\x6b\xf3\x0c\xe0\x69\x3e\xcf\xb0\x58\xbc\xa2\x02\x39\xeb"
	"\x5e\xba\x77\xf2\x21\x4c\xc1\x6e\xa9\x61\xda\x84\x78\x32\xc6\x6a"
	"\xad\x0a\x5e\xbb\xa6\x16\xca\x28\x66\x8c\x4b\xa9\xb8\xd1\xef\x80"
	"\x9e\x61\x0b\x04\xc5\x47\xfb\xd9\x01\x57\x01\x88\xa9\x53\x1c\xea"
	"\xdc\x73\xeb\xc8\xdc\x25\x25\x5d\x3a\x8b\xc5\x8a\x34\x2d\x41\xa6"
	"\x9f\xcf\x26\x69\xef\x69\x82\x27\xd6\x7b\x07\x17\x80\xb8\x61\x99"
	"\xe1\xba\xba\xf1\x92\x1b\x07\xe2\x67\x1f\xce\x8f\x31\x4a\xed\xee"
	"\x63\x8d\x6d\x60\x89\x49\x5e\xa9\x89\x21\x3b\x49\x7a\x2a\x13\x90"
	"\xb8\x5b\xf6\xd3\x81\x45\xf2\x94\xd9\x1c\x38\x20\x55\x60\x49\x62"
	"\x75\xd6\x41\x5c\x51\x4d\x45\x5b\xa8\x00\x2b\x53\x5c\x28\x05\x43"
	"\xac\x94\x8e\xdb\x30\xcf\x9e\x06\x98\x71\x87\x3c\x65\x91\xc5\x10"
	"\xdc\x36\x7a\x00\x63\x5e\x87\x62\x7b\x41\x72\x55\xf5\x76\x00\x8f"
	"\xf4\xf7\x68\xb9\x8e\x65\xd0\xf8\x0d\xd0\x74\x47\x48\xda\x7b\x14"
	"\x82\x34\xae\x23\xc1\x36\xa8\xca\xf2\xdc\xc8\x71\xdc\x06\x8e\xff"
	"\x37\xc4\xc8\x70\x90\x5b\xad\x97\xf3\xf5\xca\x09\x2e\x81\x6f\xc6"
	"\xc2\x1d\x7f\x75\xb3\x98\x5d\x84\x5e\x5e\x82\x1d\x9d\xf3\xdd\xf5"
	"\xf2\x6a\x75\x09\xfa\x7a\x7e\x41\x97\x5c\x2d\xae\x2e\x42\x6f\x2e"
	"\x41\x5f\x5f\xad\xc2\xfd\xd7\xb1\x5f\xf8\xfb\xcd\xcd\xff\x28\xbb"
	"\x96\xe6\xc6\x6d\x65\xbd\x3f\xbf\x42\x95\x55\x52\x75\x72\x42\x52"
	"\x2f\x6a\x91\x05\x44\x52\x12\x22\x82\x84\x09\x48\xa2\xbd\x61\x39"
	"\x1e\x9d\x8c\x2b\x1e\x7b\x8e\xed\xa9\xeb\xfc\xfb\x8b\x06\x28\x89"
	"\xa4\xd0\x20\xbd\x98\x87\xd8\x1f\x01\x10\xcf\x06\xd0\xfd\xb5\xe7"
	"\x1d\x3e\x01\x9f\xfb\xe1\xe7\xd0\xe2\x53\xf0\xc9\x27\xd1\xc3\x3f"
	"\xf3\x53\x49\x87\x01\x34\x3f\xd8\x60\xb2\x68\xe7\x7c\xab\x61\xae"
	"\xc9\xa2\x9d\x3b\xe1\x34\x0a\x55\x39\x82\x60\x68\x41\x34\x3e\xf0"
	"\x3f\x8d\x2f\xe3\x4f\xbe\x31\xb8\x6a\x56\x6c\x3a\x78\x7c\xae\xf8"
	"\x74\xea\x7b\xc9\xe0\xd2\x33\xb9\xe0\x9e\x3f\x1f\x0a\xcf\xf7\xa1"
	"\x69\xa5\x41\x68\x73\x96\xad\xf5\xe2\x61\x2f\xac\xc9\xca\xf3\x06"
	"\x8f\x6a\x8d\x0e\x3e\x85\x1e\x3c\x8c\x0e\xfb\xa9\xef\x13\x3b\xba"
	"\x7d\x5d\x00\x91\x38\xc0\x00\xa9\x6b\x36\x35\x49\x83\x86\xd8\x75"
	"\xe1\x50\x43\x20\xc0\x91\xbf\xf0\x07\x21\xd9\x58\x4d\x51\x83\x91"
	"\xe3\xc1\xc8\x49\xef\x77\x56\x85\x9c\x4c\xbd\x69\xf7\x73\x1b\x00"
	"\xed\x1a\x84\xb9\x41\x89\x80\xed\x3c\x6f\xea\xa8\x38\x40\xf8\xde"
	"\xec\x93\x75\xa7\x97\xd4\xc1\x40\xb5\xc5\x47\x08\xc5\xba\x68\x87"
	"\x7a\xd0\x80\xf1\x8e\x4a\xd4\x12\xe9\x48\x0e\x11\x8e\x88\xd3\x36"
	"\xad\x22\xa8\xd8\xfd\xdf\x2e\x69\x76\xab\x3d\x71\x22\xde\xd3\x47"
	"\x55\xb7\x6a\x1c\xc3\xe8\x54\x33\xf0\x19\x62\x84\x03\xf1\x73\xed"
	"\xb9\x10\x4c\xa7\x4d\xf6\xbf\x68\x6b\x0a\x77\x52\xfa\x53\x1e\x4e"
	"\x91\xbb\x0c\x0b\x58\x75\xa5\x85\x1d\x0c\x85\x31\x6a\x6e\xc7\x78"
	"\xbf\xc9\x1f\xa2\x75\xba\x25\x6c\x8d\x19\x57\xf3\xbc\xc4\xd8\xa3"
	"\xb4\x12\x57\xc8\xb2\xe2\x07\xd6\x67\xc7\x76\x60\x57\x5a\xab\xe6"
	"\xb1\x57\x7a\xe6\xbe\x63\x03\xb9\x34\x0e\x9f\x9d\x27\x10\x6c\x44"
	"\x74\xfd\x57\xf5\x51\x66\xed\x28\xa9\x7e\x8f\xb4\x0b\xf2\x9f\xf7"
	"\x4f\xf7\xcf\x0f\xc7\xd1\xfd\xf3\x97\xd1\x9b\x21\x60\x3e\x8e\x8e"
	"\xcf\x5f\xe1\x21\xf8\xed\xb6\xf7\x90\x10\xff\x4c\xd5\x61\x0a\x81"
	"\x48\xd5\xce\x7e\x03\xff\xb6\x63\x37\xe9\xe2\x02\xbd\xb3\x39\xec"
	"\xcc\xf9\xd5\x90\xd1\xc2\x2b\xb6\x9a\x73\xa9\x92\xe7\xe3\xeb\x5f"
	"\xff\x8c\x88\xf6\x94\xae\x29\xa1\x61\x5b\xfb\xf4\xa3\xb3\x9f\x35"
	"\x09\xa9\xef\xac\x35\x70\x6c\x23\xae\x61\x9a\xd1\xb9\x5a\x27\xa4"
	"\x10\xd6\x5c\x37\xc7\xf7\xe3\xeb\xcb\x5f\xc7\xe7\x97\x1f\x6f\xc6"
	"\x95\x85\x5f\x5c\x99\x4f\x85\xb8\xe4\x6f\x12\xdd\x34\xa3\x1a\x9f"
	"\x1f\x69\x56\xc4\x2b\xb2\x79\xab\x18\xba\xf3\xef\xd3\x26\x8b\x02"
	"\xd7\x4e\x5e\xbb\x24\x8b\x6e\x55\x05\xee\x49\x41\xe1\x7e\x1e\xe2"
	"\x71\x5b\xcd\x63\x2f\x89\xaa\x5d\x8b\xfd\xcb\xaf\xdc\x5d\xcf\xdf"
	"\xfc\xfa\xe3\xf9\x7f\xc0\xbd\x3d\x7a\x7b\xbf\x7f\x7f\x7c\x7b\x7f"
	"\x7c\x18\x3d\xdc\x3f\x3d\xfc\x78\xba\xbf\x76\xb9\x35\x69\x15\x37"
	"\x64\xbf\xae\xb6\xc2\xd6\xdc\x46\xb6\xb3\xca\x22\xbe\x03\x62\x29"
	"\x7b\x01\x55\xe7\xde\x60\xdb\x7e\x6d\xbb\xa1\x76\xfd\x9b\x22\x97"
	"\x32\x85\x0d\x8b\x7d\x9b\xa5\xeb\x54\xd3\xb9\xe8\xda\x70\xbb\xf8"
	"\x92\x5d\x41\x61\x36\xd2\xec\xe6\xc6\x0c\xa0\xd7\x99\x6f\x17\xd3"
	"\x1c\x31\xbc\x6c\x1d\xfa\xa8\xf6\xea\xec\x59\xcd\x33\x7d\xff\x94"
	"\xa7\xd7\x4e\x57\x46\x6a\x4e\x8a\xba\xf4\x40\x6d\x73\x10\xb1\x5c"
	"\x09\xdb\x61\x3e\x90\x64\x18\x47\xb1\x66\xa4\x54\xbd\x8d\x04\xd1"
	"\x0d\xdb\xd9\x4f\xb1\xcf\x52\x0e\xa7\x0d\x77\x29\xc7\x46\x90\x06"
	"\xc6\xc5\xbe\x1a\xcf\x96\x54\x3a\x4a\x90\xcb\x75\xf7\xdd\x9d\xda"
	"\xfd\x37\x68\x3c\xf0\xfb\x11\xc0\x44\xa4\x68\x9a\xce\xba\xc1\xe2"
	"\x50\x19\x67\xd4\xae\x6f\xfb\x35\x14\x12\xf3\xc0\x49\xdd\x4c\x14"
	"\x0e\x67\x78\x43\x8e\x73\x6a\xa9\x66\x07\x48\x92\x13\xbb\xe0\xb5"
	"\x80\x24\xf1\xf5\x43\xca\x49\x46\xaf\x4e\x54\x40\xa2\x66\xcd\xb5"
	"\xdb\xa5\x15\x50\xac\xe8\x12\xab\xa9\x4f\xa1\x10\xd4\x84\xf1\x94"
	"\xc2\xc4\x8b\x52\xa6\xb0\xdd\x38\xae\x94\xd2\x80\xfb\x49\x9c\x51"
	"\xaa\x59\x7b\x00\x7b\x87\x9d\x34\x5d\x22\x6d\x7b\x95\x4a\xcd\xb9"
	"\xb9\x0b\xaa\x9a\xec\xd3\x5a\x94\xeb\x1e\x76\xc9\x6f\x37\x06\xab"
	"\x7c\xac\xdd\xe4\x55\x4d\x97\xb8\xce\x14\x47\xa5\xcd\x8b\xb5\x90"
	"\x17\xe2\xb6\xee\xd0\xd3\xae\xdd\x91\x6b\x70\x1a\x44\x15\x73\x55"
	"\xd4\x72\x00\x50\x7d\x0f\x06\x94\x11\x8f\x0c\x6f\x2e\x4a\x13\xb9"
	"\xa1\x51\xb4\xe3\x2e\xc3\x24\xe6\xf0\xf5\x35\xe2\xee\xe9\x5b\xfb"
	"\x4a\x38\x29\x56\x6c\x5d\x54\x32\xdf\x41\x7c\x48\xe7\x84\x0a\x73"
	"\x7b\x55\x2b\x28\xce\x04\xab\x7c\xa9\x19\xc7\x70\x54\x91\x88\x5b"
	"\xdc\x05\x75\xc5\xc5\x3a\xef\xc4\x10\xe9\x56\x6f\xf0\x87\x24\xeb"
	"\x9e\x79\x3a\xba\x31\x17\x8f\x86\xd9\xe1\xf8\xfa\xdf\x97\xd7\x6f"
	"\xa0\xf0\xfc\xfb\x44\xf3\x00\xda\x90\xfc\x7a\x54\x4f\x9f\xba\xf7"
	"\x19\xfa\x3b\x2c\x1f\xdb\xaa\x8f\x03\x53\xd3\xf9\x86\x66\x57\x73"
	"\xa9\x04\x77\x23\x35\x8b\x2c\x73\x84\x0f\xc3\xce\x1f\x21\x04\xeb"
	"\x9c\xeb\x11\xc6\xce\xb1\x88\x35\x09\x96\xe5\xbd\xab\x4b\xb3\x8b"
	"\x3a\xe4\xe0\x30\xd6\xb7\xfc\x37\xe8\x6e\x82\x64\x71\x91\xd3\xcb"
	"\x90\xae\xaf\xdd\x3b\xa5\x43\x41\x9d\x7d\x01\xf8\x78\x10\xd5\x95"
	"\x55\x7d\xde\x56\x08\x3d\xde\x05\xa9\x03\x9e\xdf\x66\x9d\x65\x0e"
	"\x9c\x00\x6a\xbb\xc7\x26\xa2\xc3\xfb\x91\x19\x92\x53\x88\x74\xa4"
	"\xf4\x84\x3b\xb7\x85\xa2\x81\xea\xa3\xe0\x6a\xa9\x16\x24\xec\x2e"
	"\xda\x30\x55\xa6\x35\x9b\x7f\xbb\x9f\x80\x91\x08\xf8\xae\xc3\x06"
	"\x69\xdd\x93\x13\x27\xfa\x3a\x49\x53\xb0\xe0\xc3\x2c\x88\x50\x60"
	"\x13\x46\x84\x5c\xee\xc4\xc5\xd8\xe0\xea\x54\xdf\xd0\x6b\x82\x06"
	"\x8e\xf7\x80\x98\xc1\x25\x2f\xe4\x95\xaf\x56\x0e\x87\x94\xf5\xc6"
	"\x38\x98\xe8\x58\x88\xf8\xdd\x5e\x94\xef\x6b\xf3\x41\xac\x81\x23"
	"\xdf\xb3\xaf\xb0\xa0\x10\x57\x9b\x9c\x73\x6b\x07\xaa\x37\x96\x82"
	"\xb3\x5e\xb5\xa1\x05\xe6\xa9\x1c\x60\xb4\x21\x81\xb8\x4b\xf3\x9d"
	"\x46\xa8\x75\x0a\xa2\x5e\x81\xe0\x7c\x4d\xfe\xfa\xd7\xc7\xe8\xfe"
	"\xc7\xc3\xdf\x4f\x30\xb1\xf8\xff\x09\x93\xf8\xa7\x2e\xd6\xb8\xd5"
	"\xab\xf5\x76\xe5\x30\x77\xd9\x55\xc5\x94\x7b\x0e\x13\x97\x1d\xb8"
	"\xf1\xb7\x12\x71\x83\x0f\x03\xea\x6d\x4f\x97\xaa\x71\x1d\xb3\x45"
	"\xbc\x8a\x2f\x7c\xd9\xa0\xb5\x58\xb7\x1b\x43\xb7\x9b\x03\x77\x82"
	"\x9f\xde\xba\x0d\xdf\xf7\x74\x34\xf4\x94\x66\xbb\x52\xeb\x64\x35"
	"\x0f\x39\xa6\xfd\x5f\xcd\x4c\xda\x1d\x11\x02\xcf\x44\x36\x5b\x01"
	"\x00\xf0\x5d\xbf\x2f\x57\xb2\x27\x08\x0b\xbc\x11\xb9\x68\xda\x6a"
	"\x84\x66\xa8\x42\x58\x2c\x5a\x90\xc0\x05\x61\x40\x4e\x8b\x1b\x0a"
	"\xd4\x28\xd5\xa7\xfa\xbb\x54\x7e\x18\x84\xd1\x1e\x75\x60\x2a\x32"
	"\x04\x1c\x24\xc1\x76\x10\x90\x30\x72\xa7\x86\xda\x10\xe8\x7a\x4f"
	"\x7a\x74\x09\x40\x01\x0f\x3b\x8f\xb7\x55\xb6\x63\x4b\xd5\xc8\x5e"
	"\xf7\x62\x55\xdb\x62\x09\x99\x77\xa7\xb6\xb6\x4c\x93\xba\xfe\xee"
	"\x7d\x78\x9e\xef\x25\x0b\xcf\x91\x4a\x4d\xfa\xfe\xe1\x5f\x40\xda"
	"\x1d\x11\x4c\xae\x81\x9a\x7a\x45\xcb\x0e\xc9\x94\x91\xea\xdd\xd8"
	"\xd5\xfe\x06\x92\x95\x79\xae\xd4\x51\xd5\x03\xea\x2e\x8e\x48\x6b"
	"\xd3\x75\xc3\x1f\xea\x7d\x44\xa1\x0b\xb5\x56\x9a\xb4\xff\xaf\xcb"
	"\x49\x19\xe4\x6a\x0c\xb4\x62\xb5\xde\x37\x4c\xe1\x3b\xfb\xd2\xae"
	"\x8d\xcb\x79\x95\xac\x4f\xdb\x7a\x27\x78\xa6\x54\xe3\xe1\xcb\x81"
	"\x41\x0f\x59\x0f\x80\xc8\x86\x26\xb5\x1f\xfc\x65\x7d\xb5\xeb\xf0"
	"\x77\x58\x6c\x8e\x13\x87\x43\xc7\xbc\xa4\xa6\xd7\x13\xb4\xa6\x33"
	"\x6d\xd0\x3a\x9e\x4f\x7b\x04\x85\xed\x53\xeb\xfc\x95\x28\x2d\x0b"
	"\xf8\x81\xad\xd4\xe5\xea\x85\xe6\x09\x94\x7a\xbd\x63\x70\xa7\x9f"
	"\xd5\x21\x4e\xec\x85\xd5\x79\xde\xd8\x42\x50\x35\x11\x10\x00\xa2"
	"\x5a\x9d\x15\x52\xfd\x19\x75\xf9\x47\xef\xff\x7c\x3f\x8e\x7e\xfe"
	"\xf2\xf8\xf6\xf7\xbf\x47\xef\xf7\xdf\x95\x92\x1d\xc5\xbf\x16\x39"
	"\xfb\xe5\xf2\x65\x27\x76\x58\xd1\xfa\xb6\x68\x53\x98\xa7\xc8\xbd"
	"\x5a\x2d\xce\x05\x02\x38\xa7\x5a\x38\xdf\x17\x6b\xb7\x18\x39\xb5"
	"\xd0\xdf\x0d\xbd\x5a\x92\x0c\x89\x1d\xa3\x21\x16\x7a\xfb\xa6\x58"
	"\x44\x10\xb9\xa6\x5e\x3a\x2e\x95\x27\x4f\xe4\x95\x6d\x56\x5b\xfd"
	"\x06\xa7\xd7\x2d\xde\x86\xac\xa2\x3e\x04\xd5\x7f\xf7\x80\x04\x11"
	"\x43\x20\x29\x5d\xaa\x7f\x1c\x98\x82\xf7\x25\xa3\x76\x4c\x29\x44"
	"\xfb\xc0\x11\xb1\xa3\x15\x72\x01\xfa\x07\x95\x14\xd5\x52\x88\xb4"
	"\xd1\x9f\xb3\xd8\xc6\x42\xcd\x10\xca\x65\x3d\x07\x39\xd8\x96\x63"
	"\xa6\x99\x12\xd5\xb4\x72\x4d\xba\x1c\xb3\x36\x69\x3b\x32\xa4\x9a"
	"\x08\x6c\xff\xa5\xb3\x59\xb5\xe3\x16\x9e\xe0\x2a\x3f\x98\x5e\x19"
	"\xc9\x08\x10\xac\xc1\x0f\x7b\xd7\x53\x2f\x68\x0a\xea\xee\x3c\xbb"
	"\x39\x54\x2b\xeb\xe1\x98\x7a\x41\x64\x84\x8b\x4d\x9b\x5e\x52\x3d"
	"\x96\x6a\x9b\x0b\xe3\x7f\x4f\x41\xd5\xc5\x0c\xb0\x21\xc3\x6e\xfd"
	"\x35\x85\x09\xc2\xd2\x01\x55\x45\x8b\x02\x69\x56\x25\x85\x09\x10"
	"\x93\xdd\x25\x45\x8e\xa6\x0a\x17\x02\x5d\xf3\xe8\x76\x85\xda\xf9"
	"\xcf\x95\xc8\xc4\x93\xe8\xd4\x83\xda\xe5\xd9\x63\x60\x9d\x77\x52"
	"\x4d\x4a\xff\xd3\xe6\x6a\x95\x44\xad\xc7\xa7\x8d\x73\x2d\x86\xd8"
	"\xdd\xb9\x90\x55\x9e\x69\xf3\x1f\xb3\x99\x36\x16\x95\x71\x27\x7f"
	"\xc7\x01\x6b\x6c\x54\x07\x6d\x0d\x2d\x30\x04\x2c\x67\x6b\x34\x22"
	"\xed\xa5\xc4\x64\xbf\xc4\x10\xed\xc2\x23\x7d\xb7\x1d\x8b\xef\x14"
	"\xc6\xda\x4e\xff\xa1\x56\xa6\x6b\xd3\x6c\x4a\x3b\x61\x06\x8d\x5a"
	"\x75\x19\xa8\x79\x16\x23\xbd\x1e\xae\x53\x9b\xd0\xe4\x46\xe9\x97"
	"\x4a\x95\xb2\x12\x54\xad\xae\x22\x8a\xca\x04\xa3\x47\x23\x11\x1a"
	"\xaf\x6d\x5f\x62\x12\x88\xbe\x80\x04\xb5\x58\x23\xa1\x79\x55\x46"
	"\x02\x39\x86\x54\x05\xac\x75\x2c\x4c\x0c\x31\xb6\xd0\xc0\x31\x20"
	"\x3c\x29\x58\xa9\xb5\x42\xe4\xae\x45\x50\xaa\x7e\x56\x7b\x5d\xff"
	"\x85\x5a\x81\x2b\xeb\xfd\xd4\x3e\x91\xad\x73\x91\x2c\xb5\x31\xc7"
	"\xe9\x08\x43\x17\xb6\xe6\x2f\x6d\x86\xe0\x58\xed\xd0\x5e\x1f\xff"
	"\xfc\x01\xdc\xaa\xe2\xff\x1e\xdf\x1f\xbe\x8e\xc8\xeb\xc3\xd7\xc7"
	"\xf7\xe3\xc3\xfb\x0f\x20\x53\x3e\xc3\x2f\xcd\x0a\x5c\x77\xf6\xe0"
	"\xba\x10\x03\xa1\x36\xf7\x6f\x74\x29\x78\xb8\xec\x5c\xa0\xe9\x67"
	"\x11\x03\xa5\x4f\xd5\xba\xbd\x35\x34\x86\xca\x25\xc1\xdc\x4e\xea"
	"\x84\xe1\xa4\xd7\x71\x8d\xdf\x44\x41\xec\x8f\x22\x71\x24\xb7\xa1"
	"\xb0\xc0\x27\x9d\x32\x9d\x03\xf6\xde\xaa\xd5\xb8\xa1\xf3\x1d\xd4"
	"\x93\x56\x34\x61\x7d\xf7\x4a\xc1\x4e\xb0\x7b\x9c\x6e\xf6\xc7\x94"
	"\x8e\xe0\x79\xad\x83\x5a\x2a\x97\xb0\xb8\xfb\xe6\x45\xa6\xc6\x53"
	"\xa6\x96\x61\x1c\x20\x43\x6f\x5c\xa2\x62\x55\xdf\xf3\xb2\x74\xca"
	"\xc3\xb9\x4b\x5e\xe4\x24\x8e\x72\x86\x02\x22\x1a\x91\x18\x2f\x5e"
	"\xa4\x89\x98\x71\x79\x4c\x54\xc7\x71\x24\x1f\xf3\x70\x1c\x4e\x42"
	"\xb7\x7c\x36\x47\x2e\x32\x56\xda\x2c\xb4\xd3\x60\x34\x82\xab\x5d"
	"\x34\x45\x98\xb5\xd3\xaa\x3c\x90\x5b\x14\x92\xaa\xfe\x92\x48\xdf"
	"\xf3\xfd\x08\xc7\x40\xc4\x36\x44\xc6\x48\xa1\x34\xb3\xb4\x57\xee"
	"\x7b\x6b\x1c\x43\xa3\x22\x49\x9d\xe2\x5c\xbb\x39\x39\x11\x02\xec"
	"\x7f\x31\x44\xa6\x77\x94\x04\xcf\xe4\xc6\xf9\x7a\x91\x00\xf5\xfa"
	"\x16\x97\x2b\x5d\xca\x59\x42\xc1\x04\x5e\xbf\x42\x26\xbe\x57\x72"
	"\x24\x80\x51\x41\xd4\x64\x45\x23\xbc\x95\xf7\xb0\x70\x03\xa7\x19"
	"\x22\x2f\xa9\xda\xc0\xa9\x19\x46\x8d\xde\xa0\x80\xbf\x5d\x8d\xb0"
	"\x15\xe1\x62\x31\xb5\xc6\x03\xe2\xbc\x61\xd0\xa0\x7e\x54\x4b\x01"
	"\xc3\xa9\xf3\x50\xe9\x21\x29\x91\x49\xfb\x61\xd7\xde\x01\x9e\x31"
	"\xce\x3b\x28\xad\x75\xb5\xe3\x83\xa9\xc7\x79\x0b\x25\xdb\xd9\xe5"
	"\x75\x1c\xf9\x46\x2a\xa4\x7d\xd2\x06\x8f\x34\x25\x93\x6c\xfb\x71"
	"\x88\x94\xda\x28\x37\x45\xba\x69\xbc\x0c\x17\x72\x26\xb4\xa3\xf6"
	"\x9c\xe9\xde\x4c\x46\x44\x46\xe8\x05\xe9\x96\x1c\xb0\x78\x27\xfa"
	"\xda\x39\x59\x13\xb1\x13\xc8\xbd\x68\x21\xd3\xd0\x9f\x7a\xed\x92"
	"\x98\x87\x41\xb7\x14\x4a\x83\x98\x87\x65\x89\xa4\xa4\xfe\xb4\x42"
	"\xfd\x9c\x3e\x89\x94\x61\xe8\xcf\x4b\x4c\xb0\xa8\xfc\x79\x48\xae"
	"\xa5\x51\x1c\xe9\x05\xd4\x2a\xa9\x92\x84\xd9\x05\x26\xa4\x68\xab"
	"\xd8\x20\xda\xec\x54\x25\xd1\x13\x02\xf9\x82\x53\x1a\x6c\x49\xad"
	"\x89\xc4\x6c\x31\x43\xa2\xac\x9c\x20\xa2\x58\xcc\x3d\xaf\x0f\x12"
	"\xb6\x21\x5d\x80\x1a\xc2\xf3\x69\x69\xa9\x31\x90\x2c\x8c\xe4\x2a"
	"\xd9\x75\x3a\x0b\x3c\xe2\x48\x36\x83\xd9\x37\xf4\x6c\xef\xc2\xdc"
	"\xbe\x74\x16\x9a\x45\x62\x1e\x8e\xdd\x1f\x56\x28\x85\x57\x54\x9b"
	"\x5c\xc8\x9e\xfa\x15\xbb\x25\x38\xc7\x98\x0d\x84\xbd\x19\x0d\xa4"
	"\x5b\x56\xcd\xd7\x32\xc5\xf8\x04\x34\x22\x0b\xe6\x01\x56\xb9\xcb"
	"\x24\xdd\x36\xb7\xc5\xfa\x85\x82\xe9\x83\xf5\x6e\x56\x09\x17\x79"
	"\x16\x84\x61\x88\x0f\xbb\x28\xf0\x17\xae\x76\xbc\x23\xbb\x62\x27"
	"\x6c\xf5\x1d\x95\x61\x30\xf6\xbd\xca\x35\x6c\x01\xb7\x25\x29\xa3"
	"\xc4\x09\xb9\x51\x8b\xc9\xe1\x80\xa8\xf6\x27\x90\x5a\x9e\xa7\x7e"
	"\x89\xf7\x5c\xca\x37\xae\xa2\x08\x9a\x14\x05\xa9\x3a\xaa\x6c\x0b"
	"\xb2\x4f\x67\x3d\xdd\x3e\xda\x2c\x02\x6b\xb7\x3f\xa8\x69\xa5\x59"
	"\x49\x67\x82\xf6\x43\x2c\x10\xb8\xd2\xe8\xb3\x18\x78\xd7\x62\xa6"
	"\x16\xcb\x46\xc8\xd7\xa6\xac\xad\xf3\x03\x9d\x32\x7e\x67\xa0\xa4"
	"\xb3\x6d\xda\x97\x9b\x64\xcd\x18\x89\x4d\xd1\x49\xe3\x6b\x6d\x00"
	"\x8b\x88\xad\xec\xfa\x71\xf3\xd5\x88\x8a\x28\xb7\xa7\xaa\xb5\x2a"
	"\x5c\x54\x08\xda\xa2\x48\x85\x91\x47\x78\x4f\x76\xb5\x9a\xd4\x52"
	"\xc6\xe9\x32\x29\x24\x72\x74\xc6\xc0\x87\x3e\x29\xfb\x52\xad\x43"
	"\x96\xd8\x0b\x5b\x90\xf6\x5a\xdb\x92\x19\x85\x07\x11\x36\x0f\x8e"
	"\x9b\x02\x21\xed\xcf\x25\x82\xbf\xbb\x8d\xc9\xd5\x48\xbc\x8b\xfd"
	"\xc0\xf3\x7b\xbe\x4c\x6f\x25\x92\x2c\x23\xb6\x71\x6c\x66\xbc\x03"
	"\xba\xe7\xa6\x85\xd4\x1c\x04\xd7\x21\x93\x9e\xef\xff\x7c\x3a\x8e"
	"\x0e\x8f\x10\x24\xf7\xe7\x3a\x1a\xf4\xe3\xf3\x5f\xa3\x17\x13\x36"
	"\xf4\x97\xd1\xfb\x8b\x42\x1f\x47\xef\x5f\x4f\x28\xcb\x1e\x08\x1b"
	"\xf6\x54\xc4\x19\x16\xc2\xcc\x12\xcd\xe7\xfb\x8f\x77\xf4\xb0\x5f"
	"\x87\x58\xb8\xd4\xa9\x89\xb8\xd0\xb6\x8e\x36\xcf\x56\x2b\xb8\xa3"
	"\xae\xa3\x37\x37\xf6\x05\x20\x83\x4d\x3d\x76\x0d\x61\x10\x42\x87"
	"\x89\xde\x32\xc4\xf9\xd1\x80\x18\x51\x5b\xc6\x72\x6b\x0b\x8b\xb2"
	"\x7b\x3b\xbe\xea\x4b\xed\xc7\xe7\xf7\xe3\xeb\x7f\xef\x3b\x61\xd8"
	"\xea\xf7\xc1\x75\xd5\x5d\x8e\x3f\xf2\xdb\x0e\xa0\x25\x4e\xf6\x9d"
	"\x90\x81\xa7\xc7\xd8\xbc\x62\xe4\xdb\xe4\x16\x62\x1c\x4a\x37\x44"
	"\x93\x68\x38\x20\xda\x04\x4a\x28\xdd\x39\xc9\x2a\x19\xa5\xcc\x4a"
	"\xf7\x0f\x46\x59\xb5\x61\x85\xe0\xb5\x9b\x76\xa3\x99\xb1\x60\xb6"
	"\xe7\x42\x2c\x73\x52\xb4\x8e\xf4\x4e\xcf\xd4\x5c\x6b\xd7\x40\x1b"
	"\x00\x3e\x9d\x22\xeb\x65\x07\x64\xa3\x62\xbc\x40\xe4\x76\x69\x2f"
	"\xc2\x8d\x52\x60\x90\xe8\x70\x0d\x4c\xe0\xcf\x7a\x30\x31\x4c\x47"
	"\x10\x9b\x76\x86\x90\xb6\x9c\x91\xe9\x76\x8b\x44\x0a\x3c\x43\xd0"
	"\xf3\x94\x16\x42\x8f\x81\xa4\x27\x29\x19\x91\xd9\xc4\x9f\xf5\x82"
	"\xc2\x89\xdf\x53\xcd\x66\xa8\xf4\x7c\x1b\x0b\xc7\xc1\xb8\x1f\x33"
	"\x1e\xf7\xe5\x55\xce\xb1\x98\x3a\x17\x50\x24\x7a\x00\xbc\xf0\x03"
	"\xdf\x8d\xc9\x92\x83\x44\xac\xa5\xce\x98\x9c\x27\x19\x1c\xc5\xf6"
	"\x64\x57\xdf\x7e\xf6\x80\x64\x7e\x20\x07\x72\xdb\x83\xda\x65\xbd"
	"\x9d\x24\x57\x93\xd6\xa4\xa7\x5d\x59\x60\x86\x78\xe7\xf8\xfe\x1a"
	"\x59\xca\xde\xfc\x22\xc2\x7d\xbf\xec\xe9\x00\x4b\xeb\x46\xe8\xd2"
	"\x22\xb2\x45\x6d\x92\x67\x09\xf8\x94\x17\x89\x76\xec\xc8\x72\x1d"
	"\xc5\x03\xb1\x61\x96\x87\xdc\x8e\xc5\x13\xcc\x61\xaf\x37\x2c\xbd"
	"\x0b\xf4\xb2\x08\x6d\x79\x6c\xe2\x09\xa5\xbc\x00\x66\x89\xf8\x62"
	"\xfd\xa0\x45\x87\x02\x12\xd0\x84\xec\xec\xda\x1c\xda\x18\x39\x57"
	"\x58\xcd\xa7\x79\xa6\x43\x6d\x83\x03\x90\xca\x55\x6d\x5c\x7a\xfa"
	"\xb2\x2b\x7e\x51\x63\x2d\x42\xd7\x19\xb5\x0c\x09\x49\xdb\x61\xd0"
	"\x4e\xcf\xd4\x16\x87\x60\x9c\x13\x17\xcc\x38\xee\x01\xc4\xd4\x0d"
	"\x88\xf2\x25\x72\x17\x76\x86\xac\x57\xc1\xb6\x07\x51\x50\xde\x8f"
	"\xa8\x58\x1f\x68\x47\xd5\xe4\xc9\x90\xe8\xa8\x67\x98\xd6\x89\x49"
	"\xd4\x83\x12\x34\x4e\x0e\x34\x8b\x11\xa3\xc3\x33\x4e\x32\x64\xc1"
	"\xbb\xe4\xb7\xca\x0b\xc4\xec\xe2\x8c\x39\x90\xa2\xa0\x79\x4f\x56"
	"\x8c\xac\x95\x4a\x8e\x28\x73\x97\x82\x73\x12\x25\x39\x12\x87\xba"
	"\x8d\x5a\x12\xe4\x8a\xe5\x02\x03\x3b\xd8\xde\x2a\x38\xd0\x58\xfd"
	"\x70\x83\xee\x36\x49\xb6\xd9\xf5\x74\x15\x22\xa6\x9e\xef\xbb\x31"
	"\xa0\x7b\x75\x8c\xf6\xba\x90\x92\x93\x86\x8b\x43\xeb\xb1\x52\x40"
	"\x31\x49\xad\xae\x5e\xe7\xc8\x85\x96\x0b\x7b\xc4\x0c\xa3\x74\xc1"
	"\x11\x45\x43\x01\x36\xbf\xcd\xc9\x41\x94\x44\xcd\xe2\x34\x45\x94"
	"\xb7\xf6\x34\x0d\xd1\x5a\x36\x77\x7b\x0d\xc1\x86\x64\x4a\x9f\x5f"
	"\x5b\x65\xdb\xa5\xfa\xd1\xbe\xaf\x3c\xcb\x2c\xc7\x7b\x5d\x58\xed"
	"\xdd\x73\x20\x4a\xc5\x9c\xe0\x9f\x7a\xd1\x2f\x5b\x59\x35\xd4\x4e"
	"\x30\x5b\xb4\xe6\xd3\xc0\x5c\xc7\x2c\x38\x50\xb5\xf7\x4e\x23\xd6"
	"\xfb\xaa\xb6\x5e\xcc\xd3\x1c\x73\xaf\xea\x62\x57\x79\x04\x9b\x47"
	"\x08\x1a\x2f\x06\xbd\xb0\x96\xbe\x3f\xf5\x87\x41\x45\x5a\xce\x90"
	"\x40\xbf\x5d\x6c\x26\xc7\xb3\x8f\x8f\x8f\x81\x45\x58\x94\xa5\xd2"
	"\xab\x7a\xc1\x2b\x39\x2d\x83\xd9\x40\x58\x75\xd8\x95\x6b\x32\xb0"
	"\x00\xd3\x19\xa2\xa5\x37\xa1\x1b\x0a\xd6\x84\x18\xd7\xbc\xe5\xab"
	"\x7c\xff\x93\x6d\xb6\xda\xc4\x83\xd3\x6e\xbb\xd1\xda\x7a\x5d\xa1"
	"\x14\xbf\x42\xd2\x44\x60\x7d\x97\xc4\x62\x1e\x4e\xfa\x2b\x94\xc4"
	"\xf3\x70\x3e\x1f\x06\x5b\xf4\xc3\x0a\xdf\x0b\xfc\x41\xf5\xa8\x8f"
	"\x97\x2a\x56\xca\x7e\xe4\x4e\xed\x27\x68\x19\xd1\xa2\x17\xba\xdc"
	"\x05\xbe\xe7\x8f\x7b\x71\x70\xa7\x04\x6e\x88\x34\xca\xc2\xb1\xdf"
	"\xdf\x3d\xa2\xdb\x30\x92\x6c\xed\xfb\xde\x00\xa8\x84\xbd\x28\x1a"
	"\xf2\xe5\x1a\x3b\x19\x06\x06\xd6\x30\x8e\x98\xd6\xb4\xba\x32\x61"
	"\x5c\x6c\xe8\x80\x14\x93\x44\xd2\x7e\xd0\x9a\xa4\xa4\x1c\x08\xab"
	"\xe7\xde\xfe\x61\xbc\xfb\x83\x4a\xb1\xeb\xc5\xad\xf3\x3c\xa6\x65"
	"\xcf\x60\xa0\x29\x55\xad\x5e\xfe\xfe\x0d\x49\x63\x97\xdd\x0d\xa8"
	"\x8b\xad\x5c\x05\x7e\xd0\x3f\x12\x12\x4c\x73\x69\x83\xfa\xdb\x49"
	"\xaf\x4f\xd5\x21\xf4\x3c\x7f\x20\x76\xd0\xf4\x44\x4a\xdf\x0f\x07"
	"\x24\xa9\xb6\xa8\x53\xcf\x1b\x30\xe3\x33\xe1\xfb\x93\x7e\x58\x92"
	"\xae\x88\x80\x50\x4d\x03\xb0\xfa\x47\x2f\x8c\xb2\x72\xb6\x4b\xd5"
	"\x62\xd7\xff\xd5\x34\x4b\x4a\xda\x5f\xe5\x6c\x3b\x47\x62\xde\xb7"
	"\x26\xd7\x24\x63\x60\x6a\xdd\xdf\xca\xb1\xd4\x0b\x92\xd7\x3f\xcd"
	"\xea\xff\x17\x28\x5d\xc3\x15\x54\xa9\xec\xfd\xe5\x1c\x36\x27\x1e"
	"\x62\xa9\xcd\x37\x86\xf4\x1e\x7d\xf9\x9a\x33\x9e\x0b\x2a\x93\x61"
	"\x25\xa5\x32\x18\x30\xe1\xaa\x46\xd4\x73\x43\x3e\x04\x19\x78\xde"
	"\x64\x20\x6e\x3a\x10\xd7\x3f\xae\x0b\x36\x44\xad\x12\x34\x4d\x48"
	"\x3c\x00\x26\x06\xd5\xb7\x90\x7e\x30\x0e\x06\xc0\xd8\x6a\x48\xe1"
	"\x76\xc5\xc4\x1b\x82\x02\xfb\xf9\x71\x77\x23\x60\x07\x97\xe1\x6c"
	"\x3a\xa0\x31\xb8\x98\x4d\xbd\x79\xff\x32\x71\x97\xc8\x59\x10\xf4"
	"\xf7\x97\x3b\x7c\xb3\xd9\x6a\xb4\x7c\xc3\xcc\xa2\x3f\x20\x4d\xd0"
	"\x5b\xcb\xb2\x6f\x35\xd1\x4e\x0a\xf0\xfb\xf7\x9f\x1e\x9f\x1e\x17"
	"\x61\xe8\x7f\xfc\xe4\x9e\xf2\x98\x98\x0c\x58\x37\x1a\xe8\x71\xf8"
	"\x39\xb4\xf8\x0c\x7c\xb2\xf8\x1c\xfa\x53\x89\x4f\x3f\x53\xf2\xe9"
	"\x90\xd5\xe5\x8c\x9e\x7d\x02\x1d\x89\xd0\x9b\x78\xe9\x60\xfc\x4a"
	"\xf8\xc3\x13\xcf\x55\xc1\x07\x83\x89\xf4\x3f\x51\x6e\x21\x3e\x83"
	"\xa6\x72\xf2\x49\xb4\xff\x19\xf4\x80\x2a\x11\xa0\x72\x6a\x1b\x29"
	"\x69\x3d\x3c\xed\x68\x61\x60\xc9\xa5\xfe\x81\x31\xd3\xb0\xe6\x70"
	"\x80\x60\x0a\xc2\x36\x30\xf5\x2e\x53\x5f\xf3\xc6\xe9\xa0\xc9\x8a"
	"\x0a\x55\x07\x03\x1a\xef\x4e\xbb\x2d\x94\xd5\x9d\x04\xbb\x13\xf4"
	"\x84\x80\x51\x11\x5d\xdf\x7e\xa9\x9d\x90\x3f\x29\x1d\x67\x9d\x66"
	"\x63\x13\xa9\x8a\x43\xb5\x1c\x03\x5c\x32\xe2\x23\xa5\xad\x2f\xda"
	"\xc6\xa5\xa7\x66\x37\x89\xdd\x02\xd4\xc5\x64\x24\x9c\x38\xd3\x59"
	"\xf3\x80\x38\xc5\x60\x09\x9b\x24\x1c\x39\x20\x6b\xa0\x20\x42\x8a"
	"\xeb\x6e\xa7\x01\x8d\x13\x70\xc1\x2c\x9c\x15\x45\xab\x02\xce\x39"
	"\x93\xc0\x7d\x55\x28\x38\xc9\x6a\xa4\x0b\x58\xca\x3f\x16\x0e\xb9"
	"\xa6\x21\x61\xc4\x99\xc6\x6d\x42\x50\xa7\x2c\x83\x88\x98\xef\xb9"
	"\x72\x29\x92\xf5\x2e\x05\x8f\x18\xb5\x0f\x83\xa1\x83\xf6\xae\xdd"
	"\xe9\xae\xd9\x52\x79\xae\xaf\x88\x56\xe1\x74\x3e\xe9\xab\x7d\x38"
	"\x8d\x2a\x20\xf0\x63\x6f\x23\xc4\x65\x3a\x76\xf6\x67\xca\x84\xca"
	"\x75\xe7\xac\x13\x32\xc6\xb6\x12\x06\x11\x17\xfb\x60\xe6\x95\x75"
	"\x9d\x88\x3e\xe4\x6c\x3a\x18\x39\xb7\x21\xf5\x15\xf0\xea\xf1\xf9"
	"\xaf\xe3\xeb\xf7\xd7\xc7\xe7\xf7\xc6\x45\x7f\x9b\xd9\x42\x9f\x0a"
	"\x6b\x37\xcd\x3e\x16\xbf\x26\x32\x49\xc1\x7d\xf2\xa7\x8c\x34\x14"
	"\x83\x82\xd1\xeb\x7d\xbc\xce\x6f\x73\xff\xfa\x45\x3b\x53\xd3\xdf"
	"\xf2\xd1\xc9\xb9\xec\x7c\x7f\x5d\x34\xa3\x1f\xe8\x9f\xf0\x77\xd7"
	"\x0f\xdd\x08\x08\x5b\x92\xad\x95\xbb\xd7\xc8\x53\xba\xe4\x22\xb8"
	"\x7e\xaf\x20\x07\x84\xd2\x44\xa7\x0a\x26\xa4\xa4\x52\x6f\x3a\x40"
	"\x1c\x38\xf7\x10\xb7\xa9\x3a\x99\x22\xea\x49\x83\xf0\xa5\x1b\x60"
	"\x6e\x8e\x05\x66\xee\x86\x6e\x1f\x20\x1a\x99\x95\x9b\x3b\xfa\x7a"
	"\xff\x7a\xff\xf0\x7e\x7c\xad\x0d\x3e\x1a\x35\xdf\xb1\x5a\xdd\x5b"
	"\x8d\xf8\x32\x5a\x2e\xc2\x8a\xcb\xdb\x26\x3b\x9e\x76\xfb\x46\x1f"
	"\xd6\x5e\xba\xfe\xac\xfd\x71\x24\xad\x32\xe3\xb5\x18\x93\xc2\x3e"
	"\x77\x66\xd5\x5a\x20\xe7\xa4\x85\x0e\x5e\xd1\x99\x98\x4e\x59\xc7"
	"\x6a\x99\xd2\x61\x13\xbb\x64\x5f\xc0\x37\x93\x30\xcc\x69\x7c\xdb"
	"\x91\xd5\x31\x0f\x5e\x1f\xef\x9f\x6c\xc6\x37\xf5\x47\x84\x41\x7b"
	"\xa5\xd1\x90\xec\xe5\xf9\x57\x2d\x78\x33\xaf\x6b\x87\x12\xcb\x90"
	"\xab\xd3\x80\x6e\x5c\xf1\xd4\x43\x14\x90\x2e\xca\x77\xa1\x12\x52"
	"\xa4\xb7\xea\x11\x18\x36\x56\x60\x6a\xbe\xc1\x28\x73\x4e\x9c\x5f"
	"\xa4\x1c\x63\x4a\x58\x0b\x52\xba\x20\xe0\xd2\x9d\x76\xb6\xc8\x6d"
	"\x44\x3b\xca\x42\xe3\xa1\x8d\x93\xac\x16\x8b\x28\xca\x10\x73\xf5"
	"\x33\xc2\x9f\x51\x31\x2f\x9d\x85\x5b\x46\x6c\x36\x76\x43\xea\x31"
	"\x0f\xa4\x3d\x3b\x8c\x29\xbc\x0d\xed\x83\xd1\x55\x39\x2b\x67\xce"
	"\x7a\xad\xed\xe5\xb9\xe8\x4d\x4c\xcd\x25\x2e\xf1\x4a\xa4\x55\xca"
	"\xfb\x12\x51\xbf\x92\x12\x78\xfc\x62\xba\xa6\x3a\x42\xb1\xb3\x66"
	"\x21\x76\xb3\x33\x57\xf0\x28\x5d\x62\x37\x4f\x6a\xe0\x1b\x6f\x7f"
	"\x3b\x3f\xfe\x3e\xaa\xe2\x08\xb9\x20\xe7\x8c\xc2\x6d\x58\x6c\xf7"
	"\xff\xda\x1c\xd4\xf4\x9d\xc5\x6d\x5b\xcb\xf3\x43\xc3\xd0\x03\x91"
	"\xe1\x98\xeb\x5d\xcd\x5a\xdf\xb6\xa3\x56\x6b\x42\x6d\x7d\x8f\x90"
	"\x61\xa9\x3f\x9c\x61\x7e\x0f\xe9\xed\xd2\x6a\x62\x5f\x70\xd6\xba"
	"\xb8\x83\xdf\x70\x51\xbd\xaa\x30\x43\x34\x8d\x10\xd4\x62\xa8\x17"
	"\x44\x16\xfb\xbc\xa0\xe1\x44\xa0\x7e\x54\xda\x02\x81\x66\xab\xbc"
	"\xfd\x18\xce\xb0\x48\x5b\xb9\x82\xa7\x1b\x05\xb6\xdb\xbb\x29\x29"
	"\xd3\x56\xd1\xc6\x1f\x0b\xf8\x4c\xbe\x3f\x1d\x3f\xd4\xca\x01\xe5"
	"\x88\xbe\x3e\x7e\xb7\x4d\x68\xf0\x1a\x29\x96\x66\xe1\x52\xa9\x2b"
	"\xbd\x58\xa9\x09\xf6\x66\x36\x39\x38\xd4\xbb\x33\x00\x23\x28\x3b"
	"\x21\x52\x19\x4d\xc6\xc8\x99\xe3\x09\xc3\x23\xb2\x98\x22\x61\xec"
	"\xdb\x98\x0f\x37\x86\x66\x91\x2c\x52\x27\x06\x73\x9c\x03\x79\x9c"
	"\x0c\x4d\x85\xa5\x65\xc4\xd3\x18\x69\x9c\x4d\x92\x72\x20\xad\x52"
	"\xcb\x5c\xbb\xa5\x49\xba\xce\x97\x54\x9e\xed\xfe\x54\x6b\x9d\x15"
	"\xae\xe5\x8f\xb7\x46\xab\x5d\x7a\xd5\x3f\x6f\xef\xc7\x6f\xa3\x3f"
	"\x95\xb4\x5e\xe8\x46\x3f\x7f\x7b\x79\x7b\x7f\xfa\x67\x74\xfc\xf6"
	"\xe7\xf1\xcb\x97\xe3\x97\xd1\x6f\x35\xea\x57\xb5\xb4\x3d\xa8\xd6"
	"\xff\xa5\xdb\xec\x11\xb8\x0e\x3a\x1b\x33\x4e\x20\x7a\xe7\x81\xa8"
	"\x29\x1f\x58\xa9\x56\x79\xc1\x50\x6c\xc2\x12\xab\x7d\x23\xc8\x20"
	"\x93\xf6\x37\x77\x4c\x95\xe0\x51\x96\x33\x12\xd3\x2d\x9a\x41\x8e"
	"\x1b\x89\x81\x58\x75\x85\xfe\x42\xf2\x52\x81\x22\x8a\xca\x8b\xed"
	"\x18\xef\xb8\x6a\x88\x4b\xc4\x87\x16\xc4\x66\x6d\xb8\x36\x1c\xfe"
	"\x50\xca\xdb\xb3\x52\x29\x14\xe6\x37\xc1\xa0\x41\xef\xbf\xdc\x7f"
	"\xd7\x1a\xdd\xb5\x8e\xa2\x6b\x9d\xe6\x60\xce\xbc\x0b\xf0\xbc\x38"
	"\x29\x0c\x07\x31\x7a\x1c\xaf\xbf\x26\x5f\xe6\x72\xb5\xbb\xbb\xab"
	"\x72\x41\x57\x28\x4c\x92\x5c\x54\xc9\x1e\xaf\x35\x20\x3c\xa9\x3a"
	"\xfe\x26\x8d\xc0\x31\x97\x0f\x6b\xf4\xc7\xee\x47\x09\x89\x84\x08"
	"\xd5\xc2\x94\xec\x13\x47\x2f\x04\xeb\x58\xf4\x82\xf1\x02\x81\x81"
	"\xd4\x03\xb1\xcf\xf9\x9d\x33\x1c\x20\xca\xc0\x58\x14\x40\x66\xa2"
	"\x38\x9d\x69\x37\x38\x1d\xb1\xfb\x37\x68\xd0\xe8\xe5\xf9\xfd\xf5"
	"\xe5\x09\xc8\xa6\x62\x8b\xfe\x09\xfc\x1b\x5a\x15\xb1\xaf\xd1\x20"
	"\x2e\x0d\x4d\x87\x9a\x83\x29\x12\xf1\x08\xc4\x2e\xd7\x61\x90\x47"
	"\x24\x4e\x30\x9e\x4f\xf3\x71\xa7\x71\x8d\x42\xd0\x79\x01\x84\xa0"
	"\xbd\xd8\x6d\x70\x74\xf5\xc8\x59\xc7\xe3\x09\x9e\xe6\xa6\x1f\xa1"
	"\x69\x2a\x3d\x39\x08\x70\x69\x49\x02\xf0\xdf\x45\xc6\x2e\x40\x4e"
	"\x8e\x96\x28\x40\x69\x9e\x21\x15\x33\x0f\xcf\xa5\xec\x06\x60\x6c"
	"\x4b\xaf\x06\x78\x4b\x7c\x77\x9b\xdd\x30\x5e\xad\x6f\x3a\x35\x73"
	"\xee\x24\xfc\xf5\xe5\xfd\xe5\xe1\xe5\xa9\xee\x2d\x57\x7d\x43\xfd"
	"\x41\xa9\x7f\x38\x50\x9d\xe4\x1c\x58\xc8\x71\xb6\x5f\x40\xc9\x34"
	"\x99\x05\xa5\x87\x57\x02\x3a\xd4\x04\x47\x58\x3d\x37\xc2\xfe\x9c"
	"\xf3\xeb\x13\x0b\x2e\xf9\xe8\xe1\xe9\xe5\xe1\x6f\x9b\xae\xa1\x84"
	"\x95\x3f\x0d\x43\x08\x98\xd3\x66\x21\x6c\xba\x58\x18\x57\x74\x4d"
	"\xf4\x96\x25\xf2\x90\x17\xda\xb7\xd6\x10\x34\x4a\xc2\x80\xcd\xaf"
	"\xe9\x6b\x71\xff\xe5\xcb\x23\x78\x60\xa8\x19\x56\x67\xfc\xf6\x9f"
	"\x8b\xae\x55\x2f\xda\x67\xc2\xce\xc7\x67\x60\xbb\xac\x87\xe8\x5b"
	"\x0b\x67\x54\xa7\xc6\x7b\xea\x7f\x97\x07\xc0\xb8\x00\x71\x8b\x2f"
	"\x82\xc6\x3e\x14\xe6\x15\x97\x7a\x50\xcb\xc0\x01\xde\x29\x67\x11"
	"\x0f\xc6\xc2\x0b\x9d\x20\xb5\x85\x5e\x23\x4c\x0d\x67\x48\xe9\x4f"
	"\x91\xbd\xdf\x39\x2b\x69\xdb\x87\x37\xa4\x2d\xba\x78\x1d\xc9\xcb"
	"\xac\xd8\x16\x24\x30\x4b\xb6\x6c\x78\x9a\x42\x96\xdb\x09\x3a\x2e"
	"\x98\x3a\xd2\xec\xc9\xad\x0b\xc8\xe4\x36\xaa\x8b\x9e\x42\x47\x6b"
	"\xbd\xb4\x11\x56\x09\x7e\xb7\x98\x0a\xf2\xd5\x49\xbd\xe8\x34\x09"
	"\x3a\x83\xe9\x24\xc5\xad\x58\x09\x8c\x4a\xf5\xdb\xfd\xf7\xef\x4a"
	"\x83\xd2\x29\x58\xd6\x33\x9d\xc0\x7c\x52\x1a\xd2\x05\x3c\x0f\xc7"
	"\x64\x6f\xce\x97\x0f\x84\x2f\x71\xf1\x4a\xc2\x3f\xd8\x19\x83\x86"
	"\x9c\xfb\xa5\x4b\xf1\x31\xc8\xc2\x5d\x1f\x2c\x87\x98\xe5\x0e\x39"
	"\x8f\xc2\x12\xd9\x91\x9b\x43\xaf\xd4\x43\x62\x23\x9f\xea\x3b\x42"
	"\xee\x00\xb4\xdc\x31\xb9\x6a\xf9\x5d\xb2\x77\x15\x5f\x69\x7f\x29"
	"\x78\x62\x10\xeb\x26\x4c\x7f\xfa\xf1\xe3\xbb\x9a\x53\x6c\x4d\xe9"
	"\xf2\x83\xa9\x01\x99\xab\x6a\xc0\x9d\xc2\xf3\x7a\x00\x41\xe9\x2c"
	"\xfd\x62\x3a\x76\x02\xe0\xc8\xdc\x01\x70\x8c\x79\x73\xeb\xc1\x69"
	"\x14\x84\xfe\xf5\xc1\x17\x5b\xc5\x8e\xea\xd9\x48\xa5\xd8\x77\x3b"
	"\xce\x79\x41\xeb\xa9\x56\x35\x42\xfc\xd9\xa4\xaf\xde\x1c\x7d\x86"
	"\x45\xe3\x71\x18\x3a\x2a\x96\x53\x91\x23\x24\x6d\xa6\x53\x15\xc4"
	"\x9f\x78\x63\x94\x0c\xdb\x8c\xc2\xfd\xf5\x3c\x00\xca\xee\xd5\xd7"
	"\x9d\xe8\x20\xc0\x8e\xc9\x78\x6d\x69\x0e\xc2\x86\xcd\xd6\xc1\xfe"
	"\x31\x86\x3d\x9e\xec\x85\x43\x7a\xe5\x6e\xd6\x92\xc2\xc9\x7e\xda"
	"\x3a\xed\x6d\x3e\x77\xb8\xc9\x72\x20\x2d\x01\x28\x4a\x24\x04\xd3"
	"\x07\x44\x9a\x5b\x12\xa9\x66\xab\x5b\x84\x69\x42\x48\x47\x32\xf5"
	"\xab\x55\x2c\x82\x39\xd2\x5c\x2d\x88\xdf\x0f\x09\x9c\x90\x34\x59"
	"\xe7\x6a\xc7\x32\x76\x82\xc4\x52\x20\xfc\x7c\x40\x1d\x55\xa0\xf2"
	"\xd3\xfb\xcb\x9b\x60\x8e\xcd\x78\x27\x0c\x98\xaa\xcd\xbd\x89\x37"
	"\x04\x14\x38\x4b\x43\x05\x07\x90\x13\xa3\x12\x0a\x17\x48\x77\x3e"
	"\x61\x52\x1e\xce\x11\x53\x8e\x13\x04\x5d\x08\x2e\xf9\x68\x1a\x38"
	"\x77\x3e\x32\x1a\xcf\x10\xcb\xec\x13\xc6\x0c\x10\xed\xc2\x5c\xfa"
	"\x93\xd9\x74\xe6\x44\xab\xfa\x9e\xf8\xd3\xb2\x1f\xb3\xf0\x7a\x31"
	"\xc1\x74\xde\x8b\x99\x8f\xa7\x7d\x98\xff\xa7\xec\x4c\x9a\x1b\xc7"
	"\x95\x04\xfc\x57\x1c\xef\xf4\x3a\xa2\x5f\x34\xf7\x65\x22\xfa\x00"
	"\x71\x91\x50\x26\x48\x16\x01\x2d\xae\x8b\xc2\xed\x52\x75\x3b\xc6"
	"\x65\x55\xd8\xae\x99\xee\x7f\x3f\x00\x48\x4a\x24\xc5\x44\x72\x0e"
	"\xb5\x08\xf9\x11\xc4\xbe\x31\x91\xe9\x47\xc8\xbb\xe4\xb6\xd7\xf5"
	"\x42\x63\xed\xaf\xc9\x76\x9d\xa9\xe2\x72\x62\xcf\x5c\x5c\x8d\x88"
	"\x3d\x1f\x48\x53\xbb\x18\xea\xe3\xcc\x0e\x9d\xcd\x64\xf9\x68\x59"
	"\x02\xd6\x0f\xfb\x1b\xde\xd7\x0e\x51\x15\x5b\xa3\xf1\x72\xce\x94"
	"\x99\xd7\x99\x81\x60\x68\xfc\x59\x67\xa7\xb7\x4f\x6d\x4d\x2c\x0e"
	"\x53\xde\xfa\xec\x55\x10\xec\x13\x25\x4d\x69\x67\x72\xa7\x4f\x9a"
	"\x98\xba\xaf\x1e\x1b\x71\x6d\x0b\xc8\x30\x7a\x66\x07\xd8\xf8\x6a"
	"\xdb\x66\x02\xd4\x48\xab\x6e\x37\x08\xd7\x08\xad\xb7\x2e\x53\xb4"
	"\x06\x0f\x1b\x86\xed\x07\x32\x3e\x42\xf2\x64\x2e\x57\x97\x43\x6f"
	"\x56\x95\xe3\xc3\x72\x65\xe1\x7b\x07\x18\x2c\x6c\xa5\xdd\x29\xc9"
	"\x64\x03\xdc\x7e\xdc\x7a\xfc\x90\x6b\xd8\xf9\x4f\x62\xca\x77\x9d"
	"\x72\x62\x19\xba\x80\x86\xec\x00\xf1\x96\x20\x11\x82\x30\xa5\x5e"
	"\xbf\x80\xf1\x17\x30\xc1\x02\x26\xc6\x19\x17\x4d\x4f\xec\x78\x16"
	"\xc2\x08\x59\x82\x38\xe3\x2d\x62\x6c\x9c\x09\x1c\x9c\x09\x17\xbc"
	"\x2b\x44\xca\x99\x27\x61\x80\xd5\x17\xaf\x33\x40\x99\xe6\x82\x88"
	"\x43\x6d\x8e\x24\xe5\x81\x63\x21\x84\x8d\xa5\x24\x0f\xed\xc8\xf2"
	"\x73\x94\x89\x9c\x7c\x8d\x40\xbe\x1b\xfa\xdc\xcc\x08\x2e\xb2\xad"
	"\x20\x90\x69\xcc\x9e\x5b\x17\xbe\x1d\x01\x9f\xc5\x07\x8c\x63\x61"
	"\x4c\x18\x58\x04\x23\xcc\xad\xa2\xdd\x56\x02\xca\xff\x3d\xb4\xa1"
	"\x9b\xc0\x76\xcd\x75\x41\xd5\xa6\x7c\x0f\xdd\xfa\xba\x50\x22\x0a"
	"\x8d\xc0\xa7\xc4\x33\x27\x58\x8e\xee\x8d\xed\x20\x0d\x43\x6e\x1c"
	"\x33\x02\xcc\x37\x17\x46\xcf\xbf\x3e\xce\xc4\x16\xc6\x78\xd0\x85"
	"\xb4\x21\xe3\xd8\x3e\xce\x38\x0e\xce\x78\x0b\xe2\x09\xac\x05\x8c"
	"\x39\xcd\xfa\xce\x85\x8d\x33\x81\x15\xf8\x38\x64\xc7\x38\x13\x44"
	"\x28\x13\x87\x18\xe2\xda\x21\x52\x88\x12\x0a\x02\x37\xc6\x19\x6f"
	"\x41\x3c\xbe\x85\x33\x8b\x12\x8d\xb4\x32\x96\xd4\x2e\x36\x4b\x8a"
	"\x04\xd2\x6a\xbf\x8e\xef\x09\xa8\x42\xd1\xb5\x0c\x16\xb8\x08\x80"
	"\xcc\x21\x12\x40\x63\xf0\x31\x20\xc4\x80\x08\x01\x22\x2c\x91\x11"
	"\x96\xc8\x08\x4b\x64\x84\x25\x12\x1b\x38\xe4\x1a\x02\x03\xb0\x44"
	"\xc6\xbe\xe3\x7a\x38\xe3\xd9\x0b\x18\x73\x7e\xeb\x24\x0a\x5d\x64"
	"\x58\x51\x0c\x74\x6b\xa0\x67\x4a\x91\x1c\x95\xed\x07\x46\xb9\x00"
	"\x95\x57\x3a\x34\x11\x72\x4c\x70\x51\x26\x44\xda\x93\x64\xc2\xc8"
	"\x72\x50\x26\xb6\x3c\x24\x7b\x79\xe4\x03\x8e\x8a\x6b\x06\x69\xd1"
	"\xf4\x4f\xf3\x8d\x40\x66\x00\x49\x20\x3d\x5c\x12\xee\xdf\x18\x91"
	"\x20\xcb\x2a\x96\xd9\xa1\x6b\xae\xa4\x8c\x25\x86\x53\xb2\x0b\xe3"
	"\xd8\x38\x13\xec\x1d\x0b\xc9\x14\xe3\x89\x17\xb2\x65\x10\xd2\x65"
	"\x5a\x6c\xe5\x22\x43\x2e\x4f\x36\x7e\x70\x38\x74\x8e\x92\x70\xd4"
	"\x59\x10\x9d\x6b\xde\x7a\x70\x21\x78\xe8\x63\x99\x64\x41\x80\xed"
	"\x72\x12\xdb\x89\xd2\x08\xdd\x54\x71\xdb\xb2\xb1\xa8\x78\x18\x39"
	"\x11\xce\x84\xc8\x62\x5f\x56\x72\x84\x34\x5c\x5a\x12\xc7\x8a\x51"
	"\x04\x99\x9c\x24\xe2\x3a\xe8\x24\x18\x9a\x7b\xb1\xd8\xb0\x04\x99"
	"\xb5\x05\xab\x6d\x64\xbc\xd0\x88\x8b\x23\x11\x86\x78\x48\xef\x50"
	"\x08\x92\xe5\x9d\xb0\x1d\x64\xa1\xb6\x8f\xdc\x30\xb2\x53\x94\x89"
	"\x97\x30\xce\x02\xc6\xc5\x11\x1f\x43\x8a\x30\xf2\x05\x5f\x40\x05"
	"\xe5\x1a\xa3\x64\x17\xde\xe4\x0b\xa0\x6c\x33\xe7\x9f\x4f\x4f\x58"
	"\x43\x6f\xbc\x5d\x80\x52\x71\x6a\xd6\xda\xc3\xb2\x3e\x75\xaa\xf2"
	"\xbc\x75\xf6\x70\x64\xfc\x6a\xbc\xa8\x87\xfb\x43\x9c\x49\xf0\xd8"
	"\xb1\x62\x1f\xaa\x3c\x2c\xe8\x93\x33\xd1\xd0\x9a\xc3\x69\xba\xb8"
	"\x72\x58\x57\x3b\xed\x92\x7c\xaf\x6d\x47\x69\x55\x41\xba\x1a\x6b"
	"\xe4\xce\x3d\x22\x77\xac\xf5\x71\x4f\x39\x70\x2d\x71\xe6\x89\x9c"
	"\xd0\x46\xce\x33\x90\xaa\xc8\xdc\x23\x4a\xcd\xbd\xb5\x6a\xb3\xf8"
	"\x91\xee\x0b\x89\x72\x97\x37\x75\xc5\x32\x79\x6a\x61\xa6\xff\x1f"
	"\x49\x5f\x5e\x2e\x6d\xa1\x97\xeb\x23\xa8\x7c\x33\x24\x17\x16\x03"
	"\x92\xfd\xeb\xb1\x62\xbd\xed\x9f\x31\xc6\x97\x31\x75\x79\x07\x3a"
	"\xe6\xfd\x5c\x35\xf4\xf3\x5c\x3c\xfa\x54\x90\x24\x35\xbd\xa3\xa5"
	"\x70\x3d\xeb\xa0\x94\x2b\x94\x1b\xd3\xd9\x0f\xe0\x83\xef\x46\xa6"
	"\x34\xa9\xaf\x64\x7d\xba\x26\x16\xb0\x74\x74\xe2\xed\xe7\xfb\xc7"
	"\x3f\xc3\x98\x45\xb3\xe5\x80\x27\x11\x26\x3a\x69\x7b\xd4\x99\xcf"
	"\x9a\x9a\x55\x0e\x35\xd3\x6a\x60\x93\xa7\x0f\xb9\xf1\xf6\x71\x11"
	"\x94\xd5\x9e\x3c\x54\x5b\x61\x88\xae\x53\x6e\x3e\x6a\x63\x66\x33"
	"\x5e\x54\x2e\xdc\xbc\x56\xc1\xfe\xf1\xe3\xe9\xaf\xaf\xe7\x3f\x41"
	"\x63\x8e\xbc\xca\xc5\x30\xed\xe3\xaf\x98\xbd\xc0\x64\xc1\xdd\xc8"
	"\x7c\xa1\xb4\x51\x2a\x15\x46\x48\xdf\x3e\xa8\x23\xcb\x37\x63\x9d"
	"\x6a\x99\x19\x4a\xf7\x66\xb9\xda\x28\xbb\x07\x24\xd5\x4c\xd9\x4d"
	"\x71\x6c\x75\xf9\x7f\xee\xfb\xec\x7f\xfe\x78\x7c\x3f\x7d\xbd\x96"
	"\x6d\xf2\xf8\xf6\x75\xd4\x48\x25\x53\x27\x73\x6f\x18\xd7\x49\xfd"
	"\x76\xfa\x78\xfe\x7e\x3a\xff\xfc\xb8\x5b\x9f\x65\xb5\xbc\x9e\xa7"
	"\x26\x5b\xbb\xba\xad\x9b\x4c\xe9\x20\x55\x5b\x3d\x64\x01\x9f\x47"
	"\x6e\x1b\xe0\x30\xb4\x5b\x82\x4e\x8d\xd9\x4d\xc4\x13\x7f\x8b\x26"
	"\xd0\x99\xbc\x27\x3d\xde\x53\xe5\x5f\x78\x70\x6d\x43\xbb\x31\xe7"
	"\xbc\x1b\x28\xdb\x6f\xf7\xe7\xd7\xe7\xa7\xf7\x3b\xfe\xfc\xf2\xfc"
	"\x74\x7e\xbd\x5b\x3d\x3e\xfd\xf7\x8f\x97\xc7\xd7\xd3\xe8\xcb\xc0"
	"\x58\xdd\xf3\xea\x47\x83\x0c\xa3\x1b\x3a\xd8\xb8\x55\xbd\xd0\x3a"
	"\xe8\xdf\x7e\xbe\x3e\x29\xfd\xac\x5b\xcf\x20\x7d\xc2\xf3\xf4\xa6"
	"\x73\xaa\x30\x92\x88\x28\xf6\xfc\xf9\x23\x4f\x0d\x70\x37\x04\x56"
	"\x42\xbd\x18\x38\x1c\xd2\x76\x07\xb5\xd6\x07\x70\xb4\xa8\x9f\x27"
	"\xc2\x89\x42\x0b\x56\x3c\xd5\x90\xbe\x29\x9b\x17\x99\x52\x1d\x44"
	"\xa8\x4d\x91\x00\x06\xea\x14\x23\x4b\xd0\x8f\x2d\x60\x4d\xac\x81"
	"\x34\xf6\x43\x9b\xed\x77\xf0\x6b\x0e\xb5\x63\xc1\x56\x32\x74\x41"
	"\x37\x4a\xd7\x37\x31\x14\x1a\x4d\x5c\xb8\xcc\x52\x12\x5b\x2e\x9c"
	"\x44\x25\xf6\x1d\xf0\xa2\xf3\x00\x31\xa5\x51\x23\xbe\x51\x0c\x9c"
	"\x73\x5f\xc4\xae\x49\x0c\xdd\x58\xd6\xe2\xa2\x84\xa3\x96\xfb\x64"
	"\x57\x79\x99\x31\xe5\xaf\x67\x4c\x19\xdc\xd0\x40\xae\xf2\x61\x83"
	"\x93\x4a\xeb\xa6\x86\x6b\x42\x89\x65\xf4\x93\x9b\x06\xa3\x37\xdc"
	"\x67\xcc\x24\x8e\xa2\x9a\x45\x96\x85\xc8\x7d\xb3\x3c\xb0\xe0\x86"
	"\xa0\x3f\xf8\xfb\xc0\xc1\x5e\x07\x84\x61\x60\xe8\x7d\x2d\x10\x05"
	"\x08\x10\xbb\x66\x20\xf2\x8c\x40\x14\x5b\xa1\x59\xee\xf8\x66\x79"
	"\x8c\x3c\x1f\x47\x73\x63\xb9\x92\x8a\xc0\xf5\xa3\xf1\x54\xa0\x42"
	"\xf4\x9d\x7d\x38\x4e\xc9\x98\x5e\x99\x95\xb9\x63\xaf\xd8\x7c\x04"
	"\xd9\x17\x7d\x63\xa6\x86\x47\x07\xa3\x74\x47\xeb\xac\xd1\xb7\x95"
	"\x40\x44\x4e\x91\x5b\x50\x58\x27\xb9\x2f\xbb\x26\x5c\x21\xb2\x51"
	"\x1d\x0c\x03\x60\x23\x7c\xcb\xf0\x74\x23\xf8\xe1\x08\x79\xc5\xd0"
	"\x40\xe2\x0b\x3f\x32\x44\x70\x1f\x01\x3b\x78\x2d\x2d\x7d\x11\xd8"
	"\xb0\x5c\xad\x75\x8d\x53\x05\xa7\x5e\x18\x1c\x10\x86\xf9\x16\x3c"
	"\xa3\xf1\xfb\x87\x48\x76\x2b\xc7\xf0\x38\xd0\x74\xc8\xea\xe0\x5b"
	"\x16\xe4\x2d\x4f\x3f\xea\xb0\xad\x65\xf9\xd3\x49\x98\x0b\x56\x83"
	"\x8f\x68\x95\xce\xe9\x13\x82\x1e\x09\x73\x5d\xff\xa0\xcc\x16\x11"
	"\xc3\x84\x57\xd4\x6e\x6c\xe8\x9d\x4a\x91\x29\x82\x8b\x5b\xbe\xa6"
	"\x60\x86\xb6\x46\x0a\x06\xf8\x47\x50\x86\x7e\x6c\x0b\x50\x34\x6a"
	"\xad\x00\x41\x76\x45\x4c\x26\x82\x74\xa2\x34\x60\x18\xb4\x5a\x20"
	"\xb6\xcc\x80\x63\x87\xc6\x7c\xcb\x92\x31\x4c\xc2\x1d\xe1\x07\x3e"
	"\xf6\x96\xc8\x0c\x44\x01\x92\xd3\xd8\xb6\x30\xc0\x3c\xd3\x5f\x20"
	"\xd3\x8c\x2a\x21\x39\x57\x01\x3a\x1a\x62\x5f\x78\x96\x6b\x58\xa4"
	"\x49\x20\xb0\x3c\x64\x15\xb7\x2f\x6c\x27\x74\xcd\x4c\xc1\x5c\xdf"
	"\x30\xfa\x88\x44\x8e\xdd\xb1\xa1\xc0\x20\x4d\x71\x2d\x0c\x8b\x20"
	"\x38\xac\x0c\x91\x07\x6e\x14\x22\x40\xec\x1a\x00\xd2\xd0\x2f\x55"
	"\x49\x8c\xb5\xd1\x33\xa6\xca\xd8\xb3\xc8\x33\x2c\x1c\xa4\xd8\xb5"
	"\xcd\x8b\x9f\x0e\x41\x5e\xe2\xfa\x16\x16\x4b\x1c\xcf\x59\xc6\xbd"
	"\x18\x2f\x19\xdd\xe1\xbd\x58\x34\x81\xae\x75\x5d\x89\xd6\x99\xde"
	"\xae\x2a\x04\x59\x67\xf3\x91\x28\x2f\x21\xdb\xf6\x7a\x36\xdf\x32"
	"\x40\x31\xed\x8a\xab\x83\x20\x7d\x0e\xb4\xf4\x01\xb5\xf3\x89\x80"
	"\xee\x3b\xa0\x52\xdf\x8d\x23\x0c\x2a\xe5\x3f\x35\x02\xc9\x35\xb1"
	"\x03\x74\xe5\x09\x64\x23\x50\x4e\x4a\xdf\xf5\x7d\x2c\xe9\xa0\x06"
	"\xea\x15\xa1\xbc\x88\x5d\xcb\xc7\xa9\xc0\x09\x6d\x82\x60\x6a\xaa"
	"\x09\xed\x25\x90\x83\x42\x51\x08\x68\xf2\x8f\x21\xb4\x0c\x8a\x76"
	"\xc4\x58\x40\x05\x61\x80\x50\x6a\xb9\xed\x47\x0b\xa8\x28\xf0\xe2"
	"\x25\x54\x60\x2d\xa0\x62\xdf\x59\x42\x01\x0a\x02\x03\x4a\xae\x69"
	"\xd1\x96\xd5\x2e\x8e\x97\x40\xf1\x22\xa8\x5e\x40\x45\x58\x29\xd4"
	"\xf9\xf6\x4b\x06\x99\xe2\x18\x60\xbb\x28\xb2\x82\x45\x54\xb4\x88"
	"\x8a\x31\x4a\xce\x99\xbe\x0d\x79\x5d\x1b\x61\x81\xe3\x06\x0b\x62"
	"\x93\xab\x16\xc7\x5d\x84\x85\x87\x25\x98\xbd\x28\x6d\xbe\xe3\x61"
	"\xb1\xed\xa6\xd7\xee\x7a\x22\x99\xd8\x2f\x91\x01\x8c\xd4\xa3\xdf"
	"\x9d\x7d\x2f\x3e\x76\xad\xd5\xcc\x1a\xbc\x6a\x8e\x65\x76\x79\x62"
	"\x70\x97\xbd\x51\xdb\x0a\x20\x3c\x98\x0d\xff\xb4\x9b\x8f\x87\x57"
	"\xe5\xc3\xbc\x80\x94\x0f\xd5\xbc\x64\x43\x9a\x7a\x56\xc2\xe4\x6c"
	"\x73\xbf\x4a\x67\x65\x07\x36\x7c\xe6\x5a\xa6\x49\xe7\xdf\x78\xee"
	"\x60\x5d\x2b\x93\xf7\xaa\xd1\x23\x1b\x13\xdf\x4f\x5f\x9f\x1f\xef"
	"\x9e\xce\x6f\x33\xbe\xa8\xda\xa7\x12\xc2\x94\xf9\x95\xeb\xc3\x63"
	"\x15\xf5\xce\x3d\xc6\x51\xec\xcc\x2a\xda\x9a\x55\x86\x50\x84\x9c"
	"\x7a\x17\xc1\x0d\x51\x7e\x8f\x71\x8e\xa7\xcd\x02\x2a\xc9\x92\x25"
	"\x94\xc9\x13\xf6\x8e\xa6\x99\xf6\x22\x7d\xad\x8f\x36\x68\xe7\x15"
	"\x23\xa3\x57\x6d\x28\x49\x77\x86\xab\x3d\x2d\xd3\x2e\x57\x18\x2d"
	"\xb5\xd7\xb6\x72\x3d\x5b\x7b\x1a\x5d\x6d\x73\x67\xd2\x27\xae\xe1"
	"\x2c\x63\x55\xcd\xe7\x24\x3b\xa6\xbf\x4b\x8d\x3e\xb2\x89\x3a\xa1"
	"\xc7\x2c\xab\x9b\x8a\xcd\x5c\xa1\x54\xed\xe1\xf6\x94\x57\x97\x8e"
	"\xf6\x4d\x38\x6e\x44\xfb\xd3\x1f\x4f\x8f\xdf\x6f\xad\x5b\x69\x1f"
	"\x85\x3a\x8b\x49\x41\x38\x1f\xfb\x80\x1c\x08\x26\x8e\xbe\x06\xd0"
	"\x9a\xd7\x09\x19\x5e\xcf\x52\x81\xcc\x87\x2e\x80\xeb\xb4\x89\x9d"
	"\x15\x00\x47\x10\x3a\xca\x22\x0a\x60\xa7\x89\xfa\x85\xc7\x55\x56"
	"\x7e\x46\x10\x6d\xd7\x07\x63\x6a\x4a\x6c\x84\x49\x45\xc2\xa1\x23"
	"\x91\x2b\x95\x89\x8a\x71\x84\xc9\x69\x99\xd5\x14\x4b\xd3\xa7\x4c"
	"\x7d\x6d\xfa\x84\x51\x85\xb2\x6a\xbc\x4a\x52\x84\xbb\x97\xef\x4c"
	"\x04\x06\x55\x25\x4d\x08\x02\x31\xd2\x60\x19\x64\x4d\xac\x14\xf4"
	"\xb1\x98\xca\x7d\x64\x61\xa5\x50\xed\x7c\x40\xc1\x75\xc4\x00\xaa"
	"\x7a\x13\xe6\x88\xc5\x24\x37\x0e\x0e\x70\x48\x39\x82\x42\xd7\xd0"
	"\xae\x07\x94\x8d\x35\x2a\x9e\x79\x16\xca\x94\xb1\x4c\x95\x13\x2d"
	"\xc2\xb0\xf2\x94\x13\x1f\x3d\xac\x96\x40\x58\xcb\x53\x7f\xf9\x96"
	"\xb5\x88\xb2\x17\x51\xfe\x22\x2a\x58\x44\x45\x4b\xa8\x60\x49\xba"
	"\x6c\x1f\x2f\xfa\xcf\x31\x9e\x78\xc5\x24\x38\xe4\xe2\x55\x28\xee"
	"\x2d\xdb\xc3\x21\xdb\x76\xd1\x44\xa9\x21\x38\x42\xeb\x70\x5b\x2a"
	"\x17\xc8\x08\x25\x02\x1b\x1b\x1c\xe5\xee\x18\x70\x48\x31\x64\xb6"
	"\xca\x3b\x10\x46\xed\x22\xdf\xc5\xba\xe0\x2e\xb1\xa0\x9b\xe0\x03"
	"\x48\x8e\x78\x0c\x61\x0e\xb4\xd1\x3e\x11\x13\x8a\x8d\xa0\x5f\x12"
	"\xd7\x30\xa3\xd5\xfb\xc4\xb0\xba\x50\x93\x10\x9c\xa5\x2f\x8d\x1b"
	"\x78\x86\xb8\x65\x85\xef\xb3\x95\x29\x2f\xdc\x71\x80\x8d\x72\xfb"
	"\x7e\xc9\x88\xdd\xed\xb7\x7b\xbd\x64\xf8\xf5\x4e\x8a\xfe\xfd\xf8"
	"\xfa\xf8\x72\xfe\xf3\xb7\xaf\xcf\x7f\x3e\x7f\x3c\xbe\xfc\xa2\x6f"
	"\x6e\x5f\xd7\x12\x93\xe8\x32\xe6\x44\x40\x7a\xe5\x0a\xec\x62\x45"
	"\xa1\xf7\xe9\x0e\x82\x72\xb5\xe4\xc8\x3f\x28\xa7\xef\x4d\xcf\x40"
	"\xed\x57\xf8\x76\xb5\x7c\xfa\x7a\xc7\x58\xf2\x1b\x97\x4b\xd5\xde"
	"\x30\xd4\x28\xe5\xc9\x43\xeb\xc7\x2e\xa7\x0d\x9b\x5a\xec\x19\x2c"
	"\xb8\x1e\x5f\x9f\x9e\x5f\x5e\x1e\xdf\xfe\xb9\x1a\x04\xfb\xf8\xf9"
	"\x2a\xff\xfd\x55\x92\xaf\xef\x67\xf5\x9f\x67\xe7\x49\xfe\xfa\xf1"
	"\xfc\xeb\xdd\xb7\xb7\xf3\xeb\xc7\xe9\xf5\xeb\xfb\x2f\xd3\x15\x1a"
	"\xdf\xae\xd2\x66\xa7\xad\x94\x75\x46\x62\x27\x4b\x55\xb9\x81\x68"
	"\x4d\xd8\xb5\x1a\x43\x3f\xbf\x3e\x9f\x65\x81\x3f\x9d\xbf\xea\x77"
	"\xfd\x78\x3b\xcb\x92\x57\xaf\xd3\x06\x5c\xbe\x3f\xff\xdd\x66\x47"
	"\xc3\x4d\xca\x2f\x68\x1f\xb6\x7b\xfe\x7a\x3a\x03\xa1\x2a\x86\xc7"
	"\xd1\x0b\xc6\xf2\xd3\xeb\x38\x34\x79\xfc\x7e\x7a\x7b\xec\xf2\x3b"
	"\x68\x05\xad\x2d\xdd\x97\xc7\xf7\xbf\xa6\x81\x6d\x3c\xcf\xdf\x65"
	"\xb2\xff\xe7\xf4\xfd\xf4\xfa\x71\xa7\x2c\xa5\x5d\xc4\x3a\x77\xbf"
	"\xb5\xd0\xd3\x59\x52\x32\x6b\x4a\x95\x61\x04\xc9\xdd\xc3\x9d\x2e"
	"\xea\x71\x30\x7b\x7e\x7f\x3a\xbd\x28\xb5\x8a\xf3\xcf\xf7\xbb\xbf"
	"\x4e\x2f\x3f\xa6\x04\x6f\xeb\xe5\xee\xa7\xd2\x63\x91\xb1\xbe\x9f"
	"\x9f\x8e\x4f\x6d\x16\xda\x3a\xec\x41\x71\x3e\xbf\xbc\x2b\x9b\x37"
	"\x32\xf5\xa7\x97\xf3\x8f\xbb\xd7\xd3\xff\x5e\xab\xb0\xa7\xd6\x6f"
	"\x8f\x3f\xfe\x52\x7a\x1d\x73\x56\xfe\xd8\xe1\x48\xeb\xed\xce\x85"
	"\x3e\x01\xa5\xcd\xc8\x3a\x63\xaa\x3a\x41\x2d\x5b\xc1\x61\xce\xe2"
	"\xe0\x18\xd3\xf7\x4e\x01\xb3\x49\x43\x40\x19\x1d\xce\xa7\xb6\x8b"
	"\x06\xdc\x3d\xe3\x9d\x8d\xbc\x6b\x93\xeb\xc3\xf3\xd5\xac\x28\x5f"
	"\x29\x8b\x96\x17\x8d\xb7\x39\x61\x25\xfb\x5e\xbb\x81\xb1\x2d\x6b"
	"\x9c\x30\x65\x6c\xf6\x28\x1b\x7d\x0a\xf7\x2d\x75\x04\xdd\xb5\xb2"
	"\x3b\xd9\xa4\x26\xb5\x38\x8a\xad\xb5\xce\x18\x5a\xc0\x62\xa0\x47"
	"\x38\x2d\x20\xa3\x18\x3d\x52\x1e\xea\xa3\x48\x49\x1c\x47\x07\x90"
	"\xdb\xa4\x05\xb0\xbe\x56\x52\xb9\x65\xa3\xea\x32\xb6\x1c\xd0\x1e"
	"\xe6\x94\xfc\xee\xfe\xdd\xf6\xdb\xe4\x5c\xf7\xfd\xf5\x17\x65\xbc"
	"\xec\xdb\xf3\x9f\x3f\xdf\x1e\x95\xb6\xce\x34\x77\xbb\x75\x06\xd7"
	"\x70\x76\x78\x28\x2b\x0e\x8a\xb7\x69\x01\xca\x48\xc3\x48\x4a\x40"
	"\x71\x93\x90\x46\x69\x93\x6d\x52\xc0\x36\x95\x82\x2a\xc8\x09\xb5"
	"\x12\x0a\x0a\x6a\xdd\xe8\x46\xc2\x8b\x63\x0a\x58\x06\x57\x72\x2e"
	"\x18\xd0\x5c\x6b\x52\x66\x17\xcb\x52\xe9\xf3\xfb\x8f\x97\xc7\x7f"
	"\xee\x6a\xd9\xdd\x5f\x6e\x9a\x86\x46\x8f\xc5\x2e\x85\xcb\xa8\x45"
	"\x38\x65\x35\x70\x0f\x7e\x00\xb5\x8e\x70\x8f\x45\x1a\x43\x96\x27"
	"\x06\x2f\x95\xdc\xda\xf3\x81\x33\xd8\xdb\x48\x79\x90\x45\x84\x58"
	"\x68\x3a\x45\xa3\xd6\xe3\xb2\x78\xc2\x30\x8a\x77\x40\x11\xad\x1a"
	"\x9a\xae\xb3\x71\xaf\x6c\x23\xb8\x48\x46\xa5\x47\x7b\x57\xe0\x77"
	"\xab\xb7\xe7\xaf\x7f\x9e\x6e\x0a\xb2\x3d\x29\x92\xef\x25\xe5\x21"
	"\x84\x66\x72\x3d\xe6\x6c\xd9\x4a\xb6\x59\xb9\x43\x26\x70\xdd\xab"
	"\x0a\x31\x9a\x97\xd7\x5d\x49\x99\xc5\xde\xd0\x5a\xdd\xe9\x48\xeb"
	"\x83\x52\xed\x59\x67\xc7\x55\xe4\x5b\x72\x30\xcd\xf7\xe0\x73\xaa"
	"\x13\xd7\xa2\x74\xbd\xc0\x54\x98\x0d\x49\xb3\x63\xcd\xa3\x00\x50"
	"\x54\xd3\x4d\x90\xaa\x02\xa7\x11\xa4\x2d\xd3\x32\x34\xb6\x1c\xb8"
	"\x3c\xe4\x64\xbe\xa1\x2b\xd2\x7e\xa5\x0c\x83\xd0\xd0\x5d\x8e\x22"
	"\xaf\xa1\x5b\xea\xfd\x08\x45\xd2\x5d\xe8\x03\x1b\xc9\xb6\xd7\x50"
	"\x43\x8f\x4f\xea\xf5\xd6\x50\xde\xad\xd5\x0a\x18\x18\xd8\x99\x20"
	"\x59\x76\x94\x43\x9c\xa9\xfa\x0e\x3c\x5f\x19\x72\x5b\x3e\xa4\x0d"
	"\x3c\xb0\xd5\x85\x6d\xc8\x65\x6b\x31\x1d\x16\xd3\x55\x67\xbb\xf8"
	"\xd6\xae\xff\x9b\x9c\xe6\xef\xfe\xf8\xf9\xed\x9b\xb2\x14\x39\x3d"
	"\xf9\xca\x47\xf6\x87\xfb\xb9\x49\xcf\x54\x33\x1d\x4d\x4e\x8d\x09"
	"\x53\xfe\xd1\x07\x1d\x4d\x86\x95\x95\xa0\xf9\xc8\x62\x90\x0c\x4c"
	"\x81\x91\x50\x8a\xb4\x6a\xf3\x2e\xe3\xc4\xe0\x45\x40\xbd\x4a\xfe"
	"\xc9\x69\x51\x34\xa3\x95\x61\x27\x48\xaa\xfa\x41\xa6\x94\xdc\x08"
	"\xa8\xf2\x97\xbb\x2a\xa8\x98\xa4\x47\xc9\x1a\x39\x49\xd7\xf4\x90"
	"\x15\xea\x24\xef\xb8\x7a\x98\xb5\x48\x2e\x39\xfe\xc0\xe7\xdf\xac"
	"\x04\xb3\x6f\x56\x02\xe8\xcd\x72\xd3\xa7\x96\xb3\xb2\x2f\x0b\xf5"
	"\x73\x5b\xca\x39\xa4\xce\xd4\x37\xf0\x8c\x40\x45\x24\xb7\x06\x19"
	"\x5d\x97\x72\xc8\x90\x4d\xb4\x34\xa4\x72\x74\x92\xaa\x8a\x3d\xcb"
	"\xb3\xa6\x91\xb1\x8f\xcd\xd4\x29\x5c\x8e\x51\xca\xd8\x21\xf0\x46"
	"\x46\x12\xe5\xbe\x9a\x83\x95\x46\x92\xfb\x1b\x13\xb0\x83\xc7\x95"
	"\xeb\xeb\x76\xdd\x34\x4e\x90\x9c\x14\x75\xa1\x28\x97\xc2\xfd\x20"
	"\x3c\x6a\x93\x7f\xf5\xf6\x87\x67\x94\xff\xe5\xf3\x72\xd6\x4e\xa0"
	"\xf5\x87\x14\x9b\x3d\xba\xab\x6c\xdb\xa9\xd6\x92\x04\xe5\x8c\x27"
	"\xdb\x1c\x14\x43\x0b\x0a\xd5\xd2\x56\xec\xb8\x3e\x08\x0f\x3a\x05"
	"\xca\x57\xfd\xd7\x7b\xb0\xcc\x33\x35\xb7\x55\x2c\x03\x0b\xbd\x91"
	"\xeb\x46\xbe\xc9\x32\x01\x11\xca\xdb\xe7\xbd\x1d\x5b\x70\xfe\xe0"
	"\x79\x5e\x49\xb9\x2c\x1d\x6b\xce\x7f\xea\xa5\xbe\x8f\xb2\xf4\x07"
	"\x07\xe9\xfd\xb7\x2b\x19\xd8\x9e\x89\xb7\x1f\x72\x46\xdf\xb5\xa4"
	"\xac\xf0\x72\xcb\x72\x3c\x47\x00\x77\xd9\x34\xc3\xb8\x13\xb9\xeb"
	"\x1c\x38\x3c\xd2\x88\xd8\xb9\xbe\xf5\x79\x07\x02\xca\x37\x92\x03"
	"\xcc\x46\xbd\xdc\x05\x66\x33\x25\x17\x69\xe5\x78\x0c\x14\xef\xd6"
	"\x6b\xc7\x73\x1d\xe2\x81\x84\xd1\x1c\xa2\x2e\xba\x20\x0b\x5c\x06"
	"\xa7\xc0\xb0\xb6\x52\x62\xb9\x58\x72\x83\x38\x5f\x03\x6b\xfd\xae"
	"\x1c\x7d\xcb\xbe\xcf\x0d\x45\xbd\x39\x44\xae\x6f\xae\x66\xa8\x36"
	"\xaf\x44\x77\x15\x07\x30\x41\xd5\x53\x35\x8b\x62\xcf\x3e\xee\x21"
	"\xa7\x47\x57\x92\xa4\x75\x04\x7d\xe3\x98\x50\x21\x46\x15\xcc\x85"
	"\x4c\x2f\x0c\x32\x00\xe9\x82\x0c\xe2\xd9\xf9\x8e\x15\x16\x35\x82"
	"\xad\xd2\xc0\xb6\x42\x2c\xe5\x4d\x72\x48\xca\xf9\xcb\x51\x72\x30"
	"\xe6\x82\xcc\x4e\x40\x6a\x03\x32\xea\x4e\xd5\xd8\xfa\xd3\xe5\x22"
	"\xcf\xb6\x1c\xdd\x0c\xd2\x01\xc7\x8a\x73\x68\xe3\xcd\xcb\x81\x43"
	"\x72\xf9\xa3\x75\x87\x30\x0e\xaa\x13\x36\x0e\xd8\xec\xd3\xac\x1e"
	"\x07\xf1\xec\xf3\xb5\x9d\x0c\xc2\x1b\xb2\x67\x34\xa5\xe3\xc0\x4f"
	"\xb2\x38\x6e\x43\x7a\xa7\x44\xfa\x3b\xda\x35\x07\x6d\xfa\xd5\x26"
	"\x7b\x3e\xf9\x2a\x79\x73\xa9\xde\x34\x33\x81\xca\x03\xb0\xba\x48"
	"\xa0\x3f\x58\xf2\xb1\x4c\xb9\xaf\x96\xfb\xbd\x94\xff\xee\x3a\xa3"
	"\xac\xb5\xe3\xdc\xb1\x2a\x64\xcf\xab\x27\x59\x91\x13\x79\x22\x77"
	"\x71\xe3\xc0\x9d\xd2\x53\xe6\x99\x16\xe6\x7c\x9a\x9b\xab\x14\xf4"
	"\x76\xa1\x93\x0a\x59\x00\x6f\x4b\x7b\xab\xae\x41\x35\x33\x95\xb0"
	"\x65\xec\xe1\x36\xb8\x2b\x8d\xfe\xd6\xe3\x2d\xa0\x6a\xe9\x98\xed"
	"\xb2\x12\x90\xdd\xd4\x49\x5d\xb8\x7a\x8d\x29\x01\x30\x0f\x12\xf2"
	"\xe6\xa0\x61\x36\xdb\xe3\xc9\x69\xf4\x3a\x1b\x60\xbc\x44\x19\xa3"
	"\x06\xa5\x72\x86\x55\x29\x06\xe5\x4c\xd4\x64\x07\x4a\x7b\xff\x34"
	"\x76\xe0\x43\x37\xb7\x55\x1c\xf5\x76\xf2\x99\xaa\xf5\x54\x95\xfe"
	"\x47\x1f\x6d\x0c\xee\xd6\xa9\xa6\xa8\xac\x60\xca\x95\x9d\x3a\x07"
	"\x92\x93\xef\x97\xec\xf7\xc0\x1b\xca\xc9\xf8\xf4\xab\x0b\x22\x24"
	"\xa1\x50\xfd\x4f\x9b\xe1\x96\xaf\x6e\x02\xe4\x3a\x20\x1d\xaf\xf8"
	"\x7a\xc1\x96\xd8\xd0\x45\xf0\x8e\x48\x08\x25\x9f\x8d\x44\x90\x43"
	"\xfe\xb1\x7b\x62\x43\x73\xe8\xf2\xa9\x42\x56\x49\xea\x40\x2e\xcf"
	"\xd4\x26\x6b\x4b\x92\xde\xca\x28\xd9\x51\xe8\xd2\x75\xf7\xae\xba"
	"\x4a\x31\xf9\xc6\x4c\x88\xaa\xcc\x40\xdd\x8a\x1e\xda\x11\xd9\x36"
	"\x0e\x50\xa5\x8c\xb5\x14\xba\x20\x65\x76\xfb\xa8\xce\xbc\xc0\xb6"
	"\xac\x2f\x67\x49\xd2\x30\x12\x5c\xdc\x60\x50\x67\xe6\x20\xff\x9c"
	"\x74\xe7\xe0\xdf\xce\x6f\x72\x1d\x7d\x3a\xbd\x3f\x3d\xbe\x9c\xee"
	"\x92\x7a\x7b\x3d\x9a\x3e\x7f\xff\x7e\x7e\x1d\xa0\xe7\x1f\xea\x98"
	"\xed\x7d\xe6\x91\xff\x1a\x5d\xc3\xeb\x32\xa1\xce\xa9\x08\x6f\xe0"
	"\x34\xf6\x10\x27\x14\x67\xf8\x02\xa6\x4e\x01\x97\x11\x43\x2a\xc3"
	"\x5e\xa7\x0e\x9e\x65\x37\x80\xfc\xc1\x28\x4c\x16\xa9\xba\x11\xe5"
	"\xd8\xd6\xb4\x74\x67\x62\x5b\x1b\xe5\xca\x9a\x38\x64\x57\x6a\x84"
	"\x98\xd4\x09\x87\x24\x64\x16\x68\x84\x98\xd4\x0e\x07\x64\xe4\xbb"
	"\x0b\x90\xa5\x91\x85\xee\x02\x64\x69\x64\x78\x36\xa3\xe5\xd9\x8c"
	"\xdd\x05\xc8\x4c\x64\x43\x43\xa4\x1d\xab\x8e\xe6\x92\xdf\xff\xf5"
	"\xfd\x43\xb2\xe1\xbf\x26\xc6\x4a\xeb\x8c\xdc\xcf\x6a\x59\x5d\xdf"
	"\x74\x7f\x5c\x89\x64\xc7\xd3\xb9\x61\x41\xc7\x91\xd4\xad\xd1\xd3"
	"\x9a\x20\x29\x29\xb3\xbd\xb6\x4d\x3f\xbd\xba\xbb\xab\xf6\x72\x71"
	"\xd9\xac\x33\x75\x78\x01\x9f\x9c\xf4\xd1\xf4\xc7\xac\xfd\xcc\xd0"
	"\x8e\x1f\x82\x3d\x3f\xbd\x9d\x4f\x2f\xa7\xa7\x8f\xb7\xee\x6a\xae"
	"\x60\xae\x73\xa7\xc6\xa4\xf6\xfb\xd7\x9c\x27\xba\x2e\xca\x83\xc8"
	"\xeb\x35\x01\xbb\xce\x97\x83\xdc\x4e\x31\x43\x92\xf4\x79\xde\x65"
	"\x4a\xeb\xde\x20\x8b\x7d\xd6\x5c\x68\x3f\xa4\x26\x71\xd8\x56\x8e"
	"\xb1\xaa\x49\x4a\xb6\x76\x68\x98\xe9\xae\x50\x60\x83\xea\xfe\x37"
	"\x20\x74\x75\x60\x08\x86\x16\x64\xd2\xa5\x87\xee\x3d\x1b\xb2\x00"
	"\x75\x45\x7c\x1f\x45\x20\x15\x83\x21\xe2\x61\x69\xf1\x5d\x40\x7b"
	"\xfb\x82\x14\x89\x1f\x38\xe6\x37\xad\x84\x6c\xd0\x95\x11\x49\xb8"
	"\xeb\x17\xae\xb3\x80\x71\x17\x30\xde\x02\xc6\x47\x18\xcf\x29\x3c"
	"\x07\x67\x7c\xbc\x7d\xb4\xdc\x92\xb8\x02\x9c\x09\x5d\x94\x09\xf0"
	"\xac\x85\x16\x8e\x2c\xcb\x58\x88\x37\x7b\x85\x1d\x0e\xd1\x92\xe8"
	"\x5c\xd0\xbe\xe7\x80\xf1\x62\x04\xf1\xdd\x02\x89\x46\x0e\x72\x8e"
	"\xed\x98\xcb\x29\xe3\xa1\x8d\xb4\xa4\x8c\x47\xae\x1d\xa0\x88\x83"
	"\xe7\xbd\xc3\xb0\xa2\x5c\x0b\x16\x20\xc3\x16\x2d\xcb\x4a\xb9\x0b"
	"\xb3\x5c\x73\xc2\xe4\xa6\x36\x8e\x7c\x64\xa4\xd1\x50\x0c\xd9\x1d"
	"\x1b\x42\x81\xb9\xc0\x19\x67\x51\x6c\x07\xc7\x7d\x92\xf6\xaa\xd2"
	"\x46\x5e\x6e\xdd\xed\x20\xb2\x51\x26\x8c\x0f\x68\xd9\xf6\x1c\x56"
	"\xb8\x92\x93\xb5\x19\x91\x25\x11\xb6\xe0\x82\x18\x7d\xdb\xf9\x7b"
	"\x49\x84\x9a\xc3\xe2\x6b\x84\x1f\x20\xed\x4d\x21\xae\x8d\x22\x61"
	"\x88\xbe\x8c\xaf\x45\xe1\x43\xfb\xb0\x0b\x44\x9b\xbc\x5d\x34\x2c"
	"\x98\x76\xf1\xa5\x3b\xe7\xcc\x09\x2c\x07\x4f\x5b\xc7\x61\x05\x2b"
	"\x39\xcf\x0f\xcc\xcd\x97\x0b\x02\x69\xbe\x0d\x11\x1f\x29\x08\x41"
	"\xe5\x22\xca\xbc\x4b\x10\x84\x3b\x3e\x32\x11\x68\x26\x38\x60\x0c"
	"\x78\x99\x77\xc8\x84\x36\x1e\x4f\xe8\x58\x38\x13\x39\xcc\x0c\xe5"
	"\x24\x8e\x42\xf3\xb0\x2c\x8a\x9d\xeb\x58\x84\x26\x8e\x8b\x56\xdb"
	"\x90\xc5\x9a\xc2\x85\x75\xed\xc3\x61\x21\x89\x70\xdc\x25\x8e\x13"
	"\x66\x46\x68\xcf\x22\xdf\xb6\x50\x04\x59\x19\x69\xc4\x43\x91\x08"
	"\x7d\x11\x64\x6f\x66\x88\x38\x11\x8a\xb8\x78\x2c\x6e\x88\x22\x1e"
	"\x1e\x8b\x8f\xe7\xc8\x47\x8b\x2e\x0c\xf1\x58\xc2\x00\x43\x22\xcb"
	"\x43\x1b\x64\x87\x61\x6d\x51\x5d\xfe\xb5\xd0\x64\xc7\x81\x85\x23"
	"\x0e\x8a\x84\x1e\x8e\xa0\x35\x1e\x23\x3b\xec\x2f\xfa\x94\x24\x0e"
	"\x6a\xc7\xc1\x36\xcf\x81\x21\x5b\x0d\x4d\x36\xca\xe3\x07\xaf\x4d"
	"\x3b\x3e\xb2\x8f\x64\xce\xe7\xf6\xc4\x72\x2f\x2c\x57\x86\xe6\x92"
	"\x6d\x19\x7b\x01\xe3\x2f\x18\xcc\x90\xed\xd5\x5e\x76\x04\xd7\x3c"
	"\xe0\x95\x64\x1b\xf9\x9e\x85\x32\x91\xbd\x80\x41\x06\x09\x51\x13"
	"\x65\x1a\x9f\x38\xd8\xc4\xef\x5b\x86\x44\xeb\x8f\xbf\xfa\x4b\x07"
	"\xc6\xf0\x64\x6b\xe6\xda\x25\xc1\xba\x21\xf5\x66\x39\x38\x17\x6b"
	"\x7b\x78\x4e\xd3\xdb\x3b\x7c\x32\x70\xe4\x8a\x84\xa6\x57\x87\x32"
	"\xa2\xc9\xca\xb5\xd8\xcc\x7d\x2f\xa3\x69\x43\xf6\x83\xfb\x58\x6d"
	"\x34\x83\x48\xba\x0f\x97\x97\x43\x90\x1f\xa7\xa7\xe7\xc7\x17\x9d"
	"\x86\x9b\xcb\x63\x8a\x27\x9e\xc8\xc6\xe7\x2f\x3a\x34\x49\xb6\xa2"
	"\xda\x26\x40\x1a\xa4\xbc\x19\x3a\x76\xbc\x04\x1d\xf3\x7c\x12\x5a"
	"\xd7\x63\x8b\x66\x97\x40\x3a\xaf\x5d\xa4\xe5\x1c\xb8\x82\xa0\x85"
	"\x5b\xf5\xc5\x01\x48\xd7\x2a\x2b\xee\x69\x79\x53\xb0\x99\xa8\x6a"
	"\x99\x34\xe0\xa1\x64\x93\x35\xcd\xc3\x38\xdd\xc9\x86\xca\x5f\x0f"
	"\xd3\x98\x92\xaa\xe1\x84\x36\x40\x44\x75\x53\xa5\xf4\x3e\x7b\xe0"
	"\x37\x8f\x69\xf5\x2b\x30\x4b\x49\xed\xd8\xb6\x03\xa5\xae\x55\x54"
	"\x1f\x27\x4f\xb6\x82\x75\x55\x36\x94\x8f\xd4\x00\xfb\xb0\x9b\x5a"
	"\xc8\x94\xae\xef\x34\xac\xc8\x92\x89\xef\x78\x1d\x5a\x01\xe9\xc8"
	"\xbe\xc8\x9c\x4d\xf1\x75\xc6\x56\x14\xe8\x1f\x5a\x9e\x37\x0c\x88"
	"\x6f\x53\x15\x72\x4c\x1d\x45\xa8\x43\x26\xf5\x34\x8e\x4e\x04\x91"
	"\x0b\x95\xbe\x4c\x9e\x6e\xb2\xe3\x6c\xde\x3f\x64\xe3\x80\x6d\xa2"
	"\x74\x1d\x93\x71\xe0\x9e\x14\xb2\x89\x4c\x7a\xd2\x43\xd3\xab\x3f"
	"\x8f\x12\x41\x95\xad\x46\x30\x89\x74\xfe\x3b\xb7\x94\x88\x3d\x2d"
	"\x37\xa4\x9c\x24\x2f\x2b\x95\xeb\x51\x51\x4d\xc2\x8b\x44\x7f\x23"
	"\x9a\xbe\x1b\x52\x34\x68\x65\x65\xb5\x83\x6a\x4f\xe5\xb9\xeb\xe8"
	"\x33\xa1\xc7\xf4\x13\x20\x90\x3f\xea\x41\xb9\x5c\xc2\x87\xad\x49"
	"\x05\x36\x5b\xb6\x2a\xb2\x9a\xa4\xce\x8d\x68\x1d\x7b\xd6\x4d\xe0"
	"\x7e\x93\x29\xd5\xb4\x69\xa3\x64\x44\x56\x0d\xab\xb6\xfc\x66\xcc"
	"\x60\xe4\x21\x2f\x08\x87\x06\x24\x46\x95\x09\xbe\x2a\x17\x93\xf8"
	"\xaa\x52\x0e\xa9\xd9\xa4\x73\xb3\x6d\x21\xe8\x4c\x5b\x29\xa9\xa4"
	"\xcb\xb4\x9a\xbe\xbb\x14\x14\x78\x6d\x29\x1a\xba\x1e\x47\x52\x35"
	"\x6d\xb3\x1e\x8e\x0b\xa4\x54\xe6\x5a\x8b\xaa\x19\x0c\xd6\x83\xc0"
	"\xb6\x18\x46\xaf\xac\xb3\x52\x16\x43\x29\xa0\x91\x26\x13\xa4\x78"
	"\x28\x27\x43\x70\x2d\xc7\xac\x22\xb9\x99\x57\xba\xe0\x23\xa0\xb1"
	"\x39\x44\x66\x35\xdf\x66\x49\x48\x4f\x6d\xc4\x64\x29\x47\xa1\x04"
	"\x1e\x4e\x0b\x52\x6a\x85\xe8\x64\x32\xfa\xd5\x0d\x65\xe4\x30\xcd"
	"\x66\xa3\x34\xcc\x52\xa8\xf7\x35\x55\x92\x90\x49\xeb\x90\x43\xf9"
	"\x4d\x5d\x75\x9f\x12\x26\x81\xed\x54\x70\x51\x3e\x29\x1f\x6e\x5a"
	"\xae\x76\xd6\xa4\xae\x8e\x4d\x93\xc5\x45\x06\xdc\xd4\xea\xa4\xb2"
	"\x1f\xc8\x19\x7b\xf6\x82\xb9\x26\xda\x2b\x79\x37\xb9\x65\x50\x9b"
	"\x5c\x37\x59\x56\x12\x4e\x07\x5a\x9b\x97\xa0\xdb\x64\xab\xcf\x34"
	"\x9f\xaa\x87\xee\x15\x7d\x0e\x07\xa1\x37\x8f\x08\xba\xab\x26\x21"
	"\x55\xcd\xb3\xec\xa6\xdd\x89\x8d\x1c\xd9\xa0\xe1\x5f\x6c\x94\xd1"
	"\xe1\x8b\xcb\xf7\x81\xbd\xe5\x6b\xb8\x69\x2a\xd8\xaa\x85\xd0\xb1"
	"\xe6\x2e\x10\xff\x9e\xb4\xb3\xdb\x30\x88\x52\x56\x89\x9b\x91\xe5"
	"\x40\x65\x57\xfb\x3f\xd2\xae\xad\xb9\x51\x24\x4b\xff\x15\xc5\x3c"
	"\x75\x47\x4c\xed\x70\x17\xda\x8d\x79\x40\x09\x12\xb4\x41\x60\x12"
	"\xc9\x72\xbd\x10\x2a\x9b\xaa\x52\xb4\x6d\x79\x24\x79\xba\x3c\xbf"
	"\x7e\xf3\x24\x20\x71\xc9\x93\xa9\x8d\x7d\xb2\xcc\xf9\x48\xf2\x9e"
	"\x27\xcf\x15\x29\xe5\x6b\x90\xa7\xc3\xde\x6f\x9f\xe1\x0c\xc5\xd7"
	"\x47\x9f\x71\x43\xe3\x93\xa3\x8e\x92\x5e\x86\x6b\x7c\x21\x7a\x71"
	"\x26\x4e\x9b\x2a\x64\x22\x6b\x73\x04\xc1\x82\x17\x59\x34\x37\xe0"
	"\xda\x0e\xe9\xe2\x86\xd3\x2f\xf7\xea\xd9\x64\x10\x00\x23\xc5\xa4"
	"\x21\x89\x4a\x30\x74\x65\xcc\x74\x6d\xb6\xdb\x0f\x11\x30\x32\xa1"
	"\xe4\xb6\x17\x6d\x90\xde\xce\xb3\x26\x2f\x35\x2d\x43\xe2\xf7\x28"
	"\x03\xd8\x6a\xc5\x36\x43\x12\x70\x7d\x61\x13\x4d\xe3\x12\x2d\xa3"
	"\xe7\x10\x06\x5d\xd5\xd8\x00\xf4\xbb\xa9\x0d\x8b\x0e\x46\xbb\x11"
	"\xed\xd9\x2d\x73\x72\xcf\x80\x0a\x75\xac\x4c\x8b\xa5\x8c\x56\x3e"
	"\x84\x6c\x47\x89\x23\x5a\x48\x51\xf3\x98\x6f\xb3\xb4\x40\xa7\x02"
	"\x20\x61\xf7\x84\xc0\xf5\x4b\xc8\x7a\x08\x51\x97\x31\x2b\x0e\x1e"
	"\x7f\x01\x09\x4c\x0e\xb4\x07\xde\xfb\x73\x6f\x21\x9e\x58\x87\xd3"
	"\x19\x9c\x94\x9a\xf4\xed\x9d\x28\xda\xbd\x42\x88\x33\xdd\x6a\x1a"
	"\x8c\x13\xfa\x9d\x2d\xcc\x0a\x19\x20\x50\x01\xd2\xed\xda\xd0\xb5"
	"\x30\x93\x82\x20\xa5\xab\xee\x6c\x95\x18\xd3\x31\xa4\x98\x05\x1b"
	"\x0a\xb0\x8e\x90\x61\x20\xad\x14\xc4\x94\x95\x56\x5a\xd5\x2a\x1a"
	"\xbb\xba\xbc\x88\xdc\xf5\x1c\xc7\x9e\x4d\xa5\xa0\x10\x4c\x78\xc1"
	"\xf3\x35\x19\x9c\x72\x97\xa1\x6c\xe2\xa0\x93\x97\xdd\xe9\x34\xbe"
	"\xed\xf1\x85\xd4\x35\x79\xe4\x06\x44\x60\xac\xd7\xb5\xb7\xe3\x13"
	"\xc6\x4f\x86\xeb\xa3\xe8\xc7\x3e\xad\xf3\x5f\xb2\xcd\xf4\xbf\x27"
	"\xb5\x47\x72\x9a\x43\xaa\xb8\xe7\xea\x1d\x5c\x27\xc1\xeb\x92\x12"
	"\x1a\x4d\xbe\x7d\x9c\x27\xf3\xf8\x0e\x96\x6c\x49\xfd\xc9\xeb\xee"
	"\xb3\x35\xdc\xd9\xbd\x9c\x0e\x93\x6f\xd5\xe4\xad\xaa\x9e\xab\xe7"
	"\xff\x61\x85\x56\xbd\x92\xc2\xea\xe5\x9d\x1b\xf1\xbc\x42\x04\x9c"
	"\xfd\xdb\xf7\x43\xbf\x21\x0d\x6e\x58\xcd\xe6\xb1\x24\xbc\x4b\x17"
	"\x05\x17\xc9\x81\x4f\x8c\xa8\x2c\xaf\xf0\x16\xde\x60\x47\x6a\x89"
	"\x0b\x76\xb2\xf6\x0e\x9a\x2e\x31\xa2\x60\x0a\x26\xa6\xb1\xdf\x5e"
	"\x21\x26\x51\xdf\xcf\xb5\x19\x4e\xb3\x6d\x31\xed\x8f\x75\x92\xd1"
	"\x30\x45\x4a\xf5\x62\x6f\xed\x7b\x62\x5a\xba\x0a\x06\xec\x70\x97"
	"\x7a\x07\x46\x7b\x62\x52\xeb\x45\xcd\xba\x88\xcc\xb1\xc1\x08\x56"
	"\xac\xb9\x73\xc7\xb0\xf1\xe8\x03\x6b\x4f\x7c\xea\x45\xaf\xbb\x1f"
	"\xfb\xb7\x1f\x22\xd7\x73\xbe\x3c\x7d\xe2\x4a\xe2\x52\xf0\x4b\x81"
	"\x24\xc2\x40\x94\xe1\xb1\x29\xf9\xfb\xc5\x1a\x8f\x73\x90\xf0\x35"
	"\xe9\xe7\x44\x58\xf1\xd5\xe1\xbc\xff\xfe\x39\xf9\x5e\xed\xce\x1f"
	"\xc7\x61\xfc\x9d\x30\x65\xab\xf8\xe2\x49\xd4\x21\xd4\xcf\x6a\xdf"
	"\x2b\x01\x25\xea\xb3\x4a\xf5\xb1\x06\x5e\xc0\x3e\xbb\x0e\x44\xec"
	"\xbc\x18\x66\x83\x10\xae\x8c\xa2\xf6\xf4\xe9\xef\x2d\x49\x71\x31"
	"\xa2\xe1\xe6\xca\xf8\x1e\xde\xe6\x48\xae\xeb\x8a\x7c\xad\x69\x08"
	"\xb7\x22\x8e\xfb\xb9\x17\x2e\x1d\xd0\x7e\x6f\x11\x78\xc5\x5a\x68"
	"\xc4\xcd\xa1\x0f\xdc\x9f\x6f\xb4\x21\xf1\x6d\x0b\x0c\x31\xcb\x38"
	"\x03\xa7\x30\xc9\x91\x4b\x08\x3b\xd8\xdb\x0e\x64\x4f\x18\x57\x5a"
	"\xde\xe3\xf1\x39\x6a\x99\x5e\x00\x77\x75\x12\xf8\x4d\x87\x71\x4b"
	"\x6c\xf4\x15\x3f\x5d\x2d\x63\x09\xf9\x81\x98\x32\x22\x1e\x0a\x02"
	"\x5c\x24\x23\x3f\xf0\xa4\x07\xdd\xb4\x2f\xba\xbe\xcc\x41\xe0\xe9"
	"\xc4\xc7\x40\x6d\x0b\x3c\x5a\xaf\xb5\x85\x30\x44\xd3\x4c\x25\xad"
	"\x69\x60\x32\x0f\x89\x0e\x4c\xe2\x93\xd3\x41\x79\x51\x4e\xd0\x5c"
	"\xd5\x5d\x5c\x7e\x67\xea\xba\xa3\x82\xd5\x62\x40\x15\x8a\x84\xa6"
	"\xa5\xab\x40\x9c\xa3\x0b\xd9\x14\x55\x01\xc1\x2e\x00\xe4\xa6\x41"
	"\x1c\x48\x39\xb5\xf6\xe3\x19\xe3\x3d\xb6\x4a\x54\xb3\xbf\x26\xae"
	"\x0a\x19\x24\x59\xb0\x54\x81\x16\x85\x1f\xb1\x11\x49\x55\xb8\x4d"
	"\x44\x91\x74\x39\x1d\x50\x94\x79\xf7\x4a\x8c\xb2\x94\xc0\x5f\xde"
	"\xd4\x5f\x2d\xae\x44\x7c\x60\xbb\xad\x74\x75\x43\x12\x31\xe6\x8a"
	"\xb2\x4d\xe5\x00\x2c\xd9\xd9\xa7\x9e\x49\x51\xf6\xa0\x84\xac\xd7"
	"\x2a\x08\x48\x8e\x33\x6f\x55\x66\xbe\x77\x23\x54\x09\x8b\xa9\xb2"
	"\xb7\xee\xd2\x39\x78\x42\x13\xe5\x08\x24\x6c\x17\x5c\xdf\xd0\xb1"
	"\xdc\xd3\x4f\x09\x4a\xe9\x14\x53\xde\x0f\x60\xae\xa5\x86\x6d\xd7"
	"\xb7\xcc\xa1\x95\xb7\x49\xd4\x9d\x96\xc5\x06\xa6\xac\xeb\xa0\xd8"
	"\x71\xe2\xb8\xb6\x72\x59\xde\x13\x6f\xad\x9c\x64\xf7\x6b\x2f\x86"
	"\xdb\xb1\x72\x2f\xcd\x48\xe6\x6e\x6d\x25\xcc\x5b\x04\xea\x6d\x39"
	"\xc8\x73\xef\x21\xca\xd9\x76\x45\xa9\x12\xfd\x98\xcc\xd3\x58\x85"
	"\x52\xaf\x4c\xf2\x38\x0f\x72\xf0\x89\x52\x01\xb7\xec\x3c\x48\x95"
	"\xfd\x91\x66\x68\x42\xae\x2e\x2a\x59\x45\xab\xa0\xb8\xa5\x30\xa2"
	"\x2e\x6d\x0b\x42\x1c\xc6\x19\x2a\xcf\x8d\x88\x86\x73\xc6\x57\x2b"
	"\xbb\x96\xae\x75\x4d\x39\xc1\xef\x0b\xe5\xb2\x5b\x67\xfe\xd4\x5d"
	"\x68\x53\x53\x59\xd8\xe8\x72\x74\xe1\x18\xfa\xb2\x94\x67\xb1\x24"
	"\x20\x48\x22\x07\xaf\x0d\xa3\x1a\xf8\xf9\xec\xf9\xeb\x42\xba\x1e"
	"\x36\x54\x72\x8a\xc5\xc1\x32\x2d\x40\x2d\x82\x23\x24\xf7\xe7\xf6"
	"\x2c\x25\x8f\x53\xe2\x98\x12\x18\x4f\xad\x86\x73\x5c\x3e\xd7\x4f"
	"\xe0\x62\x05\x38\x63\x83\x58\xb2\xcf\x70\xf5\xa7\x20\x8c\x4c\xbf"
	"\x25\x98\xec\xad\xc8\x81\x2f\xdd\x44\xf3\x7c\x18\x8e\x9d\xd7\x2e"
	"\x7d\xf0\xf2\x3c\x92\x9c\xde\xc3\x50\x41\x03\x09\x0d\x0d\x8a\x5a"
	"\xca\xb0\x88\xb6\x43\xb6\x7c\xc0\x79\x82\x9e\x60\x81\x1f\x7c\x8f"
	"\xec\x6d\x7c\xa8\x83\xaf\xbc\xb3\xb6\xf8\x4c\x0a\xd7\x73\xf8\x6b"
	"\xd8\xba\x24\x8a\x61\x48\x19\x6f\xcf\x7e\x98\xb6\x64\xcb\x6e\x41"
	"\x96\xa3\xe1\xc1\xf4\x78\xd8\x37\x7e\xf3\x92\x77\x11\x09\xbd\x94"
	"\xb2\xf3\x57\xb8\x80\xb2\x9f\x9f\xa7\xfd\xd3\xee\x65\x12\xef\x3e"
	"\xab\xa3\x98\xf9\xce\xc2\xc7\xe1\xa8\x71\xd1\xa1\x77\x17\xc4\x29"
	"\x11\x49\x23\x56\x69\x56\x0b\xd8\x48\x10\xf5\x9c\x48\x9b\x8c\x20"
	"\xac\x44\x34\x43\x0b\x0f\x58\x07\xe9\xee\x36\x73\x49\x5c\x3f\x2e"
	"\x2f\x93\xc4\x6e\x5c\xc7\x88\xed\x90\x0f\x01\xfb\x73\x76\x5d\x68"
	"\x2f\x65\x0b\x64\xda\x2e\x3d\xc6\xc0\x8d\xee\x9d\xf5\x53\x85\xb8"
	"\xa6\x0b\x82\x58\x15\x42\x55\x49\x07\x08\x2d\x2d\xb9\x9d\x84\xad"
	"\x69\x02\x7a\x7b\x15\x5e\xad\x93\x72\xbe\x5e\x2c\xc0\x4d\xd3\xe8"
	"\x7c\x52\x72\x11\xba\x0e\x74\x75\xdc\xbf\xff\xac\x8e\x6c\xa8\xaf"
	"\xb2\xd3\xe1\x4e\xb9\x80\x89\x29\xd9\xdc\x5b\x09\xe4\xda\x97\x44"
	"\x8b\xcc\xa5\xe4\x56\x72\x88\x07\x22\xdc\x7a\xc6\x14\x5f\x86\xc9"
	"\x46\x5a\x3c\x90\x4d\x89\x64\x73\x95\xc1\xeb\x3c\x30\x00\x5e\x06"
	"\x54\x10\x5f\xe6\x73\xf6\xbe\xac\x0a\xec\xe8\x36\x8c\xa9\xa1\x9a"
	"\x1d\x75\xc2\x46\xfc\x96\x0d\x7e\xb7\x43\xf1\x6a\x6f\xf5\xcf\x21"
	"\xf3\x69\x4a\xa3\x22\xe8\x4b\x5e\x16\x63\xa1\xe9\xfa\x7a\x81\xee"
	"\x3d\x0d\xe0\xe4\x18\xbe\x2d\x82\x2e\xca\x7c\xc5\x0e\x80\xe1\xc3"
	"\xc5\xe8\x49\xdf\xc7\xbc\x7e\xd6\x33\xf9\x69\x60\x45\x36\x7c\x94"
	"\x8d\x1f\xd5\x82\x0d\x9a\x93\x71\x03\xc9\x50\x55\x03\x3f\x87\xd5"
	"\x69\x9f\x0a\x9b\x74\x21\xd6\xbd\xd5\xdf\x32\x5b\x5a\x3a\x97\x9c"
	"\x08\x17\xd4\x8a\x24\x6a\x50\x70\x23\x08\x22\x2f\xd2\xa0\x40\x86"
	"\xfd\x82\x6c\xc7\x03\x29\x27\xb8\xe1\x63\x09\xc4\x94\x68\xe5\xd7"
	"\x4a\xf4\xa2\x8c\x21\x24\x89\xaa\x5e\xe3\x49\xd1\x21\xf9\x78\x4f"
	"\xb3\x41\xf5\x93\x5b\x6a\xe1\xf9\x73\x75\x1d\x46\xf3\xab\x43\xab"
	"\x27\x1a\x56\x3c\xfb\xb9\x6a\x96\xa8\xfa\x33\xe8\x3c\xc4\x27\xef"
	"\x05\xb1\x6e\x7d\xfc\xb1\x9a\xac\x3d\xa2\xdf\xd2\x21\x80\x93\xc5"
	"\xa0\x1a\xc3\x8d\x1b\x3a\x70\xb4\x8e\x3b\xc4\x81\x06\x77\xf8\x81"
	"\x0d\xb9\xa5\x1e\x8d\x22\x07\xdf\x26\xc1\x1b\x31\x4f\x23\x7c\x33"
	"\x6f\xe8\x17\xb9\xec\x65\x3f\x14\x27\x80\x7a\xcc\x02\x22\xd3\x5d"
	"\x72\xd5\xa5\x94\xa1\x28\x51\x8e\xe4\x41\x34\x27\x93\xa4\x33\xf6"
	"\xec\x9f\x4b\x00\x0b\x5a\x0c\x44\xcc\x40\x14\x6a\xca\x7a\x19\x94"
	"\x13\xea\x83\x8b\x85\x28\x2d\x45\xf6\x90\x43\x7c\x88\xa0\xf7\xc9"
	"\xe6\x61\x2d\xd0\xec\xd7\x64\x0e\x8c\x9b\xe0\x51\x1b\x8f\xe3\x1a"
	"\x78\xe3\x4a\xba\x44\xaf\x62\x97\x92\x75\xd2\xd3\x64\x41\xd0\x5a"
	"\x36\xb1\xb0\x84\x08\x4d\xeb\x50\x22\xc9\x1f\xb3\x22\x55\x90\x65"
	"\x53\x1c\x50\x8b\xc5\x1a\xa5\x05\xc9\x3c\xf0\x7d\x56\x75\x1e\x5d"
	"\x17\x43\x81\xd8\x7e\xc5\x27\x94\xcf\x18\x43\x24\x9e\x32\x38\xfb"
	"\x72\xf0\x43\x5e\x3e\x64\xe3\x20\xbc\x3c\x84\x6f\x1d\xc5\xf7\x06"
	"\x45\x35\x94\x84\xc5\x17\x01\x1a\x7c\x2d\xcb\xd3\x7e\x76\xdf\xa0"
	"\x33\x97\x04\x14\xe2\x91\x30\x18\xfa\x27\x77\xdf\x61\xdc\x7b\x86"
	"\xb6\xad\x2e\xe2\x5e\x9e\xe1\xa2\xc5\x85\x0f\x0c\x8a\xf6\xa7\x97"
	"\x27\xec\x4f\x84\xd2\xa9\x1f\xca\xa8\x19\x4e\xf3\x1f\x50\xd2\x66"
	"\x8d\x72\xb0\x40\x5e\xd3\x90\x48\x88\x7e\x18\x39\xec\x72\x80\xbf"
	"\x9f\x20\x81\x62\xda\xc1\x92\x4e\x30\x00\x80\xd8\x4c\x82\x6a\x66"
	"\x17\x7e\xbf\x48\x82\x84\x16\x91\xf8\xd6\x15\x3c\x70\x1b\x8c\x8e"
	"\xe1\x22\x58\x64\xb4\x69\x33\xae\x31\x8b\x2e\x4f\xcb\x91\x85\x62"
	"\x1f\x34\xcf\xe1\xca\xbc\x02\x21\x04\x0c\x75\x08\x79\x45\xc6\xe6"
	"\xe2\x60\xe3\x29\x10\xbd\xd4\x25\x90\xc4\x31\x11\x4f\x98\x2b\xc0"
	"\x96\x00\x78\xbe\x3d\x4d\x4a\xc7\xfc\xaa\x39\x3d\x23\xde\x0c\x8b"
	"\xc7\xce\x01\x68\xe0\xa9\xba\x78\xc8\x4e\x69\xc9\xe9\xb6\x21\xa3"
	"\xdb\xb6\xa1\x2b\xe8\xa6\x9c\xee\x48\xcb\x77\xb1\x1c\x06\x2d\x1d"
	"\x73\x16\xbd\x76\x0f\x92\x04\xf3\x02\x70\x4c\x09\xc0\x67\xfc\x87"
	"\x61\x51\x0d\x71\x6d\xe1\x98\x4b\x9e\x26\xc9\x44\xf0\x0d\x57\x93"
	"\x35\xb4\x30\xed\x99\xa4\xa3\x0a\xe2\x41\xd6\x29\x09\x20\x26\xf6"
	"\x0c\x73\x5a\xbb\x4c\x35\xfb\x17\x4e\x8f\xa8\xa9\x2f\x62\x53\x9f"
	"\x6d\x95\x18\xa3\xff\x9d\xc1\x3a\xe1\x86\x22\xdf\x5e\xf6\x6f\x7f"
	"\xfe\xa6\xd7\xa1\xea\xf3\xe5\x7c\xd2\xd8\x4a\x7f\xbc\x41\x94\x69"
	"\x81\x1f\xc4\xe4\xb7\xab\x91\xe2\xef\xe3\x95\x06\xf2\xa0\x04\xaf"
	"\x58\x9d\xa5\x15\xa7\x43\x76\x42\xc1\xa6\x52\xbf\x5b\x27\x85\xad"
	"\xb7\x8b\xd6\x8e\x0d\xaa\x5b\x1c\xf7\x3f\x7e\xf4\x04\x46\x5d\x23"
	"\xb0\xe1\x4e\xd4\xda\x86\xb5\xf1\xc0\x06\xe3\xd3\x50\x53\xb6\xdf"
	"\x84\x69\x21\x19\xc8\x06\x18\x06\x8c\xe3\x98\x63\x9a\xce\x1e\x54"
	"\x6e\x26\xdc\x83\x92\x6c\xad\x06\xc9\xf7\x8c\x16\xd5\x9a\xf0\xf5"
	"\xbb\x9d\x77\xde\xfe\xfd\xbc\xfb\xf6\x52\x9d\x26\xe7\xba\x07\xaf"
	"\x03\xbf\xaa\xce\xdf\xf7\x2f\x67\x08\x2f\xce\x03\x71\x4f\x7e\x83"
	"\x8e\x3e\xef\x8e\x3f\xaa\xf3\x78\xd4\x2f\x5d\xca\x58\x17\x1a\x05"
	"\xab\x5b\x1a\xc8\xd3\x70\xa9\x71\x99\xb7\x42\xb4\xe5\xa0\x34\xa6"
	"\x34\x9a\x47\x71\x54\x88\x0c\x2a\x02\xb6\x25\x94\x6c\xb5\x83\x7d"
	"\x22\x25\xf9\xba\x63\x8a\xc4\x49\x23\xde\x25\x2f\x08\x08\x34\xfa"
	"\x0f\x06\xe9\x9e\xe0\x51\x48\x8a\x94\x3e\x8a\x1f\xb6\x51\xef\xfe"
	"\x76\x3c\x3f\x69\x7f\xeb\x02\x18\xb1\x48\x43\xd2\x7f\xab\x79\x38"
	"\x78\xeb\x9a\x04\xad\xc0\x19\x33\xa0\xad\x36\xec\x20\x6e\x57\x02"
	"\x7b\x30\xd9\xb7\x31\xab\x3b\x6b\x01\x80\x20\x61\x84\x8f\x2d\x06"
	"\xb5\xe6\xcf\xc1\xdc\x44\xf0\x78\x10\x79\xaf\xfb\xbc\x5c\x47\x41"
	"\x39\x8c\xc1\xd7\xaf\x75\xbe\x19\x71\xdb\x17\xe3\x59\xa8\xa9\xe0"
	"\xa8\x6e\xdf\xf3\xe6\x73\xfb\x6b\x40\x4d\x69\xe1\xde\x7c\x8b\xe5"
	"\x46\x6a\x21\x3e\x1d\x06\x2e\x15\x42\x10\xaf\xbf\x0e\xc4\xc1\x12"
	"\x71\x36\x90\xf0\x31\x71\x6d\x47\x5e\xdf\xc4\xdb\x3a\x33\x2c\x37"
	"\x63\x83\xc9\xa9\x4d\x4c\xc5\xb7\x22\x1a\xeb\x06\x92\xbc\xa7\x8f"
	"\x31\xe4\x05\x6d\x19\xc4\x96\x22\x32\xb2\x40\x7d\x99\x7b\x18\xcd"
	"\xb9\x01\x74\x0b\xc6\x55\xf4\xa1\xa5\x17\xae\xbc\x0b\xe7\xf7\xa6"
	"\x71\x27\x45\x50\xc6\xc8\xcd\x90\xcc\x5b\x2d\x66\x91\xa0\x31\x49"
	"\x2e\x63\xc5\xa6\x9f\xae\x84\xd8\x48\x34\x8b\x6e\x29\x86\x7c\x14"
	"\x82\xc4\xd4\x0c\xf9\x2c\xce\x21\x0b\xa7\x39\x8e\x04\xc7\xee\x2e"
	"\x8a\xa5\x06\x3d\x3a\x53\x77\xfa\xcc\x52\x2f\x34\x43\x0d\xb1\x95"
	"\x10\xcb\x54\x43\xd4\x2b\x7a\xa6\xa9\x97\x22\x62\x0d\x75\xe9\xd2"
	"\x19\x16\x29\xea\x3a\x74\x96\x7a\x74\x1d\x5d\xbf\x61\xc9\x5b\xee"
	"\x0d\x5b\x87\xa1\x5a\x3e\x86\xae\x58\xab\x09\xc9\xa6\x33\x1b\x39"
	"\x4a\x04\x81\xb7\x60\xfe\x40\xd2\x9b\x1b\xb6\x6c\x9f\x9a\x98\x89"
	"\x4b\xbf\x86\xaa\x89\xcc\xe6\xd1\xac\x2f\x19\xe4\x9f\xcb\x5e\x76"
	"\x67\xc6\xad\xbe\xaa\xea\x41\x12\x24\xf3\x47\x67\x7a\x18\xae\xa3"
	"\x82\x60\xd9\x04\xba\x10\x5b\x39\x55\x1d\x97\xf1\xaa\x5e\x12\xc5"
	"\x8f\x2a\xe4\xd4\x52\xad\x1e\xc3\xd2\xe4\x6b\x10\xd2\x99\x4d\x0b"
	"\x4f\x31\x93\x2c\xb7\x50\xb4\x1e\x20\xa6\xad\x84\x60\x79\x8d\x5b"
	"\x08\x4d\x1c\x43\xd1\xa8\xf9\xbd\xe5\x2a\x66\x75\x9e\xd9\x44\xb1"
	"\x0c\x61\xc6\xc8\x97\xd8\xd7\xc7\xd5\x7d\x32\x96\x91\x1d\xde\xbe"
	"\x00\x93\xad\x98\x50\x59\xac\x29\x0e\x02\x40\xc8\xab\xb8\x28\xd8"
	"\x2f\xd5\x61\x41\x57\x1b\xf9\xcc\x95\xa5\x9c\x6e\xbb\x6b\x6a\x8a"
	"\x82\xd0\xb2\xbb\x5b\x9d\xdc\x49\xd5\xd8\x8e\xb3\x15\x6a\xb7\xeb"
	"\x27\x9e\x20\x2f\x6f\x9d\x38\x25\xf1\xe6\xeb\xc5\xd8\x8f\x88\x3e"
	"\xae\x08\x57\x40\xf7\x74\xf0\xeb\xad\xd4\x96\x03\xb9\xd9\x40\xb8"
	"\x7c\x34\x87\xd9\x66\x7f\x3c\x43\x7a\xae\x71\x0b\xe1\xb5\x28\x2d"
	"\x93\xa4\x5f\x6c\xe3\x09\xf5\x74\x3c\x9c\x0e\xdf\xcf\x93\xf0\xf3"
	"\xbd\x3a\x7e\xd9\x4c\x7e\x7c\x54\xa7\xb3\xc8\xbd\x2b\x7c\xcc\x02"
	"\x60\x6c\x29\xc9\x06\xda\xaa\xb6\xa9\x85\xb7\xac\xb3\x18\x5c\x5d"
	"\xc2\x72\xc4\x2e\x31\xcb\x23\x9a\x18\xa8\x05\x02\x49\xc1\xfb\x1d"
	"\x19\xef\x18\x4b\xd3\xc0\x48\xee\xd4\x30\xe7\xc8\x5c\x72\xa7\xba"
	"\xb1\x46\x48\xba\xeb\x06\xeb\x31\xbf\xce\x7a\xec\x74\x6e\xdc\x09"
	"\x2e\x1d\x5b\xa7\x6e\x7a\x7a\xaa\x5e\xaa\xe3\xe1\xb5\x1a\x66\x89"
	"\xf3\xd8\xd0\xea\x8e\x81\x2c\xdd\x96\x6a\x4a\xa9\x33\x19\xd5\x1a"
	"\x9b\x6e\x7b\x3c\xf5\x1e\xcf\x4b\x56\x67\xdf\x83\x9b\x2b\xab\xee"
	"\xb8\x6e\x53\x07\x89\x94\xcf\x48\x53\x84\xbf\x64\x24\x57\x47\xdf"
	"\xd2\x11\x45\x3d\x23\x19\x2e\x5a\xd5\xb6\x9e\xdf\xf6\x5f\x9e\xf7"
	"\xc7\xea\xe9\xcc\x93\xb9\x21\x95\x2e\xa6\x83\xa0\x73\x4d\x8e\xb9"
	"\xf7\xdd\x13\x2b\xe4\xed\xa9\xba\xa9\xe5\xba\x8d\x36\x4f\xb7\xd1"
	"\x36\x4c\xad\xf1\x97\x7d\x5e\x63\xf6\xa7\xfe\x22\xfd\x7c\x3b\xff"
	"\xac\x4e\xfb\xc1\x07\x67\xae\x89\x95\xca\x48\x96\xa0\xd4\xba\xb8"
	"\x1f\x9f\x6c\x49\x3e\x1d\xde\xab\x36\x5d\xe0\x78\x76\x69\x02\xf3"
	"\xfd\x55\x75\xfe\xeb\x70\xfc\x93\x77\xf0\xe7\x7f\xaa\xe3\xdf\x27"
	"\xd1\xeb\x7b\xf5\xcc\xbb\x87\x20\x7d\x62\xcf\xcc\x31\xeb\x1c\xef"
	"\x7f\xfc\x3c\x8b\xbe\x5d\xd0\xd8\xf8\x35\xfd\x35\x1e\x52\x36\x7a"
	"\xff\xae\x26\xd5\x5b\x75\xfc\xf1\x39\xe1\x2b\x02\x56\x4c\x44\xfa"
	"\x1f\x0b\xa6\x58\x84\xa3\x9a\x66\x49\x68\xae\x84\x36\x43\x69\xae"
	"\x3d\xee\xe5\xbc\x3a\x1d\x5e\x40\x00\x78\xc3\x94\x31\xe8\x0c\x9b"
	"\x32\x06\xe3\xa5\x34\x19\x51\x1f\x8f\x50\x2b\xaa\x9b\x7c\x81\x5d"
	"\xe5\xed\x99\x2d\x84\xb7\xea\x92\x82\xf0\xbd\xda\xfd\xf9\xf1\x0e"
	"\x75\x61\x15\x64\x63\xff\x5e\x55\x4f\x3f\x7b\x21\x5f\xeb\xfd\xb5"
	"\x1c\x05\x06\x69\xd6\xd5\xf3\xf1\xb0\x7f\xbe\x9e\x3c\x1e\x0d\x6b"
	"\x01\x49\xfb\x7f\xa3\xab\xe5\x72\x0c\x2f\xf6\x78\x3e\xc0\xcd\x50"
	"\x4b\xb5\x4c\xd2\x32\xf7\x12\x6e\xda\x9a\x44\x5f\x03\x5c\xfb\xb4"
	"\xe2\x79\x9f\x96\x49\xaa\x82\x78\x4b\x24\x12\x6a\xeb\xcc\x03\xfe"
	"\x70\x81\xd0\xae\xe1\x92\x60\x2d\xb9\x6b\xb2\x00\x5c\xdb\x33\x08"
	"\xb3\xc1\xfe\xc5\x55\x9c\x40\x1c\x85\xd1\xef\xd4\x54\x50\x56\x8a"
	"\xc4\xed\x6b\x06\x61\x9e\x62\x31\x7e\xe2\x82\xf5\x8a\x9f\x4c\x0d"
	"\x0b\x91\x51\x63\x86\xc5\x4b\x5a\x42\xfc\x60\x48\xff\x84\x1d\x8a"
	"\x09\xab\x18\x89\xef\xca\x6d\xbc\xda\xc2\x8f\x87\xaf\x39\x9a\xfa"
	"\xa7\x58\x88\x8b\x79\x88\x62\xa2\x6b\x9a\x86\xab\xc0\xae\x08\x4c"
	"\x01\x98\x22\xfd\x7c\x47\xa7\x18\xaf\xb7\xcc\x83\xc7\x81\xf2\xfe"
	"\x6a\x19\x77\xf8\x8b\x67\xdf\x7a\x81\x23\xf6\x93\xdf\xbb\x0a\xc6"
	"\x8e\x7c\x11\x32\x6c\xdc\x8a\xa0\x2c\x48\x26\x96\xb4\xaf\xbc\x55"
	"\x8a\xb9\x48\x67\x91\x85\x44\xd3\x5d\xa6\xb1\xbf\x88\x10\x45\x1c"
	"\x09\x73\xc6\x8f\x5c\x52\xd9\x88\x26\x2a\x1b\x0b\x10\x0d\xc6\x69"
	"\x7a\xb7\xee\xc6\x84\xf1\x36\x01\x1f\xb0\x2c\x0f\x32\x2f\xef\x98"
	"\x00\x5c\x07\xf3\x12\xea\xb9\x8e\x4b\x4f\x5e\x0e\x4f\x7f\xd6\x29"
	"\xa0\x60\x3b\xef\xe5\x9f\x65\x05\x85\xd4\xbf\x53\xcd\x0e\x1a\xd9"
	"\xa6\xad\xdf\x80\x42\xf2\x44\xf7\x41\x48\xc8\xb9\x0e\x88\xf8\x24"
	"\x98\x22\x6c\xc5\x00\x36\x43\x04\x3e\x5d\x18\x85\x5c\x08\x25\x92"
	"\x26\x00\x10\xf7\x69\x1e\xdd\xab\x8a\x59\x6d\x33\x15\x24\xdb\x7a"
	"\x4a\x48\x44\x90\x43\xbc\x03\xda\x10\x91\x60\xa1\x03\x68\x33\xe9"
	"\x75\xf7\x98\x2e\xb9\x70\xa6\x53\x5d\x51\x04\xc3\x98\x33\x49\x01"
	"\x8e\xb2\x63\x25\x21\xf9\x07\x28\xf7\x96\xb2\xb0\xb8\xf7\x03\x14"
	"\x52\x56\xf8\xc0\x36\x97\xd5\xd0\x78\xb9\x9e\xed\x7c\x05\xd0\xc3"
	"\xc7\xf1\xa9\x1a\x9b\x43\xd7\xb9\x5b\xd2\x4e\x80\x91\xfa\x49\x96"
	"\xa7\xf3\xee\xfa\x8a\xef\x68\x4e\xf8\xa5\xa7\x73\x04\xd6\x49\x0f"
	"\xc3\x61\x8e\x9c\xfe\xf3\x32\xd8\x14\x10\x4f\xad\xef\x40\xea\xe5"
	"\x4d\x6a\x1d\xb6\x2b\xba\x88\x3c\xa2\xce\x5f\x91\x45\x05\x72\xcc"
	"\xd4\xef\x7b\xd9\x76\x99\xf5\xcc\xce\x68\xfb\x65\x82\x38\x89\x5c"
	"\x00\x49\xb1\x36\xe4\x88\x22\x11\xdf\x71\x82\x4b\xf5\x85\x91\x89"
	"\x12\x2f\x8a\xe7\xe9\x76\xd8\xe2\x24\x14\x97\x76\xc9\xcf\x8d\x03"
	"\x4c\x43\x2b\x13\x56\xa4\xb8\xa7\xd8\x29\x99\x7b\x38\xbd\xa9\x4e"
	"\x89\x24\x29\xe6\x66\x1c\x89\x7f\xcf\x0b\x18\xb2\x30\x79\x96\xd0"
	"\xe5\xa8\xe8\xcb\xd1\x9e\x24\xeb\x8e\xfa\xab\xce\xd7\x0c\xac\xeb"
	"\xfe\x69\xc2\x89\x93\x6c\xf7\xa3\xe2\xaa\xc1\x36\x2f\x78\x2f\xc8"
	"\x09\x7f\x9f\x5d\xa7\xb3\x65\xc1\xb9\x9b\x38\xf3\x02\x84\xe7\x18"
	"\x20\x59\x7f\x6e\xa6\xe2\xbb\x29\x74\x35\x4d\x90\x91\xab\x19\x14"
	"\x28\x6c\x63\x08\xd8\xd9\xd7\xc3\xb9\x82\x5c\xdf\x42\xe1\x46\x00"
	"\xd1\x6b\x40\xc7\x35\x7e\xf1\xfd\xf5\xf4\x43\xf8\x0e\xef\xbe\x7b"
	"\xb6\x8c\xcb\x25\x77\x70\xc8\xb3\x71\xda\x4c\xc8\x87\xf0\x1b\xfd"
	"\x3c\x9d\xab\xd7\x49\xca\x0e\xad\x9f\xfb\xf7\xdf\x81\x65\x7d\xda"
	"\x7f\x67\xfd\xe8\x0f\xee\xca\xaf\xec\xc6\xc7\x1e\x43\xca\x95\xc1"
	"\x35\x7a\x7e\x3c\xec\x9e\x9f\x0e\xaf\x03\x5a\x27\x69\x17\x29\xe7"
	"\x39\x49\x68\x31\x1f\x2b\x70\xff\x2b\xd9\x0e\xde\xeb\xf4\x58\x06"
	"\xaa\xcf\x87\xdc\xcb\x86\xd3\x03\x9f\x73\x8c\x18\x0b\xda\x7a\xff"
	"\xb1\x7b\x61\x55\xc4\xeb\xb8\x5e\x6d\xa3\x92\xe6\x48\xc8\x26\x1e"
	"\xad\x52\xcc\x47\x65\x9c\x05\x67\xfc\xaf\x28\x23\x54\xb0\x2d\x08"
	"\x67\x4b\xf9\xb7\x82\x5f\x67\x76\x33\x68\xc3\x75\x08\xec\xd8\x6a"
	"\x38\xbb\x7c\x90\x12\xf5\x96\x6b\x30\xa8\xea\xbc\xa1\x43\x04\x13"
	"\xd3\xb6\x65\x90\xbc\x70\x67\x53\xd3\x93\x41\x68\x62\xdb\x88\x88"
	"\xb3\x41\xd4\xae\x31\x4b\x15\x44\x59\x5d\xc8\x90\x84\x08\x92\x1a"
	"\x5a\x19\xf9\x7e\x24\xb4\xf0\x63\x0b\x24\x7f\x1c\xee\x7a\x59\xac"
	"\x4f\x8d\x32\xc9\x12\x82\xe5\x22\xe9\xa7\xa0\x6b\xcf\xf7\x32\x41"
	"\x2c\xdb\x5a\xba\xcf\x26\x89\x02\x12\x08\x83\x74\x45\xfd\xec\x55"
	"\xec\xdf\xc6\x0d\x45\xbc\xf5\xf0\xe0\xe4\xb5\x9d\x2f\x0a\x68\x8c"
	"\x0c\x50\x3a\x6d\xc3\x26\xc9\x10\x82\x42\x94\xe2\xb1\x6d\x6c\x5a"
	"\x36\x1a\x80\xb8\xa5\x63\x77\x8f\x79\xe2\xe9\x88\x9c\x8a\x91\x0c"
	"\x03\x23\x11\xdd\xd6\x6a\x5f\x7b\xb1\x68\xd7\x33\x90\x52\x7d\xcf"
	"\xc4\x32\x0f\x27\xec\x0e\x88\x25\x99\xe7\xb4\x19\x4e\x43\xae\x49"
	"\xbc\x5f\x8b\xba\xa2\xa5\xe9\x6d\x23\xf1\x00\xde\x6d\xa9\x3f\x43"
	"\x28\xe4\x8f\x3b\x5d\x43\x52\xa1\x24\x8c\x9d\x35\x31\xdb\x4a\x6f"
	"\x6a\xd9\xf8\xc0\xb4\x74\xdc\x2a\xd4\x9b\x62\x11\x91\x19\xcd\xb5"
	"\x10\x19\x1b\xa3\xcd\x6c\xe4\xba\x52\xd3\x90\xa6\x6c\x89\xa5\x21"
	"\x6a\x55\x46\x73\x0c\x64\x07\xa3\xc4\x33\xd1\x20\xff\xc5\x9d\x6b"
	"\xea\x06\x4a\x9b\x7b\xf6\xff\x4b\xf8\x6a\x38\xa8\x18\xd5\x98\xe9"
	"\x38\x09\x13\x7f\x4d\xad\x29\x2e\xcd\xc5\xbf\x35\xc5\xbf\x35\x9d"
	"\x99\xa8\x0c\xd8\x9d\x62\xa4\x99\x81\xbe\x35\x43\x4c\xf5\x08\x17"
	"\x31\xe8\x70\x60\x89\x37\xf7\xd5\x26\x88\xd3\xac\x8d\x3e\x93\x62"
	"\xa1\x7f\x5d\x0b\xd1\xd8\x85\x5b\x2c\x44\x7c\xb4\xf2\x8c\xed\x16"
	"\xfd\x72\x5c\x10\xc3\x9a\xea\x38\x0d\x33\xb3\x04\x1a\xe2\x56\xc7"
	"\x8e\x54\x1d\xb3\x64\x00\x9a\x8e\x39\x74\xd7\x44\x17\xa5\x99\x88"
	"\x69\x09\xa4\x28\x71\x90\xf6\x27\x24\x63\xcc\xf9\x16\xa5\x59\x88"
	"\xf5\xcc\xf5\x98\x2b\x1c\x7b\x3a\x05\x35\xd6\xa0\x0f\x2f\x47\xa4"
	"\x03\x3e\xa6\x35\xbd\x7b\x6e\xad\xbc\xf5\x14\xd3\x7b\x16\x11\x8c"
	"\x88\xe6\xea\x44\x4a\x36\xe5\x6f\x5b\x54\x43\x6c\x7d\x6b\x84\x6e"
	"\xe8\xa6\x2b\xa3\x6b\x2e\xd5\xa5\x35\xd4\x0d\x97\x6a\xb6\x14\xe1"
	"\xe8\xd4\x41\x3c\xda\x39\x82\x7d\x41\xb7\x25\xe4\xe9\x0c\x51\x55"
	"\xd4\x64\x97\xdd\xaa\x31\x72\x11\x13\xcb\x46\x42\xd4\x6c\x16\x8e"
	"\xae\x0d\xa7\x7d\xc3\xa1\xbf\xbf\x30\xce\x7d\xb4\x61\xb9\xa6\x23"
	"\xd0\xbb\xfc\xac\x5e\xb9\xc3\x32\x15\xa8\x27\x8a\xd8\xa3\x25\x44"
	"\x36\xe7\xaa\x54\x64\xe5\x53\x17\x5b\x99\xde\x3d\x1a\x5d\x6b\xf3"
	"\xd5\x9d\x8d\x2d\x7a\xc3\xfd\x73\xab\xe0\x05\x6d\x5d\x2d\x44\xbb"
	"\xc8\xd4\x69\xd6\x12\x2f\x84\xfe\x49\x4b\xb3\xa6\xa6\x03\x91\x61"
	"\x23\x91\xfb\x78\x3b\x77\x2e\x2b\xad\x82\x86\xed\xf4\xbb\x7a\xcf"
	"\xc7\x36\x7a\x5b\x73\x30\x6d\x86\x6d\x3a\x1a\x4a\x42\x15\x70\xb6"
	"\x65\xe8\x28\xc9\x72\x70\x12\xa6\x1c\xb1\xed\x99\x91\xe3\x34\x13"
	"\xa7\x69\x68\xcb\x1c\xc3\xca\x51\xf6\x00\x76\x47\x07\x55\x88\xd9"
	"\x8e\x8b\x36\x62\x8a\x1c\xe4\x40\x72\x74\x9c\x84\xd6\x53\x72\xfc"
	"\x99\xa8\x62\xd6\x75\x11\x8d\xae\x9f\xa5\x05\x58\xe0\x8b\xb7\x4c"
	"\xc7\x30\x91\x46\xb3\x1d\xda\xd6\xd1\x13\xc1\x76\x0d\x74\xf3\xb6"
	"\xa6\x88\x14\x15\x68\x33\x64\xf3\xae\x17\xff\xa0\x9e\x17\x2d\xf7"
	"\xf3\xc7\xeb\xeb\x67\x73\xb9\x6d\xa7\xfb\xe2\x58\xfd\xeb\xa3\x7a"
	"\x7b\xfa\xbc\x28\x38\xff\x03\xca\x2b\xdf\xa7\xff\xc8\xe2\xf8\x92"
	"\x4e\x95\x4b\xeb\xb8\x04\x65\x77\x3e\x1c\xff\xe1\xef\x4f\xe7\xe3"
	"\xfe\xdb\x07\x28\x74\x07\xfa\xd0\x81\x3d\x65\x6d\xdc\xf4\x73\x77"
	"\xaa\xbe\xc4\xac\x8c\xea\x79\x12\x1f\x0e\xef\x93\xdf\x58\xe1\xbf"
	"\x4f\xbe\x5f\x3e\x7e\xea\x7c\xbc\x5f\xe0\xc2\x32\x05\xec\xd8\xff"
	"\x45\x8d\x8a\xae\x37\xa0\x62\x56\x90\x2d\xd5\x91\x29\xe9\xd1\x45"
	"\xbe\xcd\xa9\x65\x63\x97\x94\xa5\x8e\x31\xd0\xd9\xda\xd4\x6c\x0d"
	"\x65\xce\x9b\x6b\xc3\xf2\x31\x4f\x25\xb7\x86\xa8\x58\x9a\x03\xad"
	"\x65\xbd\x89\x56\xbb\x97\xf3\xcf\xce\x7e\xde\x3e\x3d\x9e\x27\xf9"
	"\xee\x5c\x4d\x92\xc3\xdb\xfe\x3c\xec\xc2\x45\x60\x59\xd8\x72\xe1"
	"\x34\x0b\x9b\xdc\xa6\x26\x61\x77\x80\x38\x96\x73\x85\x1f\xaf\xfb"
	"\xe7\xfd\xf9\x53\x38\x98\x89\x61\x22\xe7\xa9\x1f\x16\xc8\x51\x13"
	"\xc2\x59\x8f\x30\x41\x61\x41\x0d\x64\xf9\x85\xc5\x1a\xa1\xd0\x68"
	"\x8a\x5d\x47\x80\x64\x8c\xbb\x3d\x62\x6b\xe6\x0c\x1e\x26\xaf\xd5"
	"\xee\xf4\x71\xac\x5e\xab\xb7\xf3\xe4\x83\xf5\xb4\x60\xaa\x5a\x9a"
	"\x6c\x32\x5a\xe8\x8d\x38\x62\x33\x0a\x9d\x35\x0d\x19\xdb\xb2\xef"
	"\x92\xad\x83\x71\xd0\x1b\x98\x92\x8e\x74\x4a\x76\x30\xd8\x17\x9a"
	"\x69\x1b\xd3\xc4\xf1\xe9\xf6\x76\x4b\x04\xcf\xff\xc3\x2f\x29\x76"
	"\x2f\xf7\x62\x13\xd2\x5e\x89\x69\x99\x4f\x67\x98\x7b\x22\x27\x62"
	"\xc9\x8a\xe6\xa1\x8e\x25\x71\x02\x12\x32\x02\x24\x31\x0d\x1d\x31"
	"\x95\x05\x1a\xa6\x5d\x4a\x58\x13\x4c\x8c\xe4\x20\xf3\x0c\x48\x0e"
	"\x72\x95\x5e\x66\x86\x97\xb1\x59\xe8\x69\x1a\xa2\xd9\xe6\x7c\x10"
	"\xb8\x4f\xc5\xc6\x4c\x43\xae\x1c\x7d\x10\xe2\x55\xc8\x89\x58\xb2"
	"\xc9\x3f\xa8\xc7\x78\x70\xc4\xf4\x31\xcb\x35\xd4\x55\xaf\xc8\x31"
	"\x2f\x3b\xb6\x69\xb0\xdd\x06\x19\xd3\x34\x2b\xd8\x70\x8b\x5f\xcc"
	"\x58\x55\x0c\x0d\x25\xd3\x48\xd7\x2d\x1b\x13\x06\x98\x26\x22\xc2"
	"\x29\x08\x35\x2d\x44\xb5\xca\x69\x88\x97\x43\xdb\xb7\x60\x66\x83"
	"\x79\x0c\x70\x9a\x8b\xd2\x2c\xdb\xc4\x02\x16\xd8\xba\x6b\x88\x6d"
	"\x05\x36\x64\x15\xa3\xdd\xb7\x09\x92\xd8\xd1\x10\x1d\xf0\x26\x76"
	"\x74\x81\x89\x57\xb2\xfb\xf1\x56\x9d\x6b\xd9\x9f\x70\xf5\xde\xa1"
	"\xb9\xbc\x38\x09\x61\xf7\xee\xb4\xd9\x0c\x59\xf1\x8d\x78\x2f\xf1"
	"\x96\x2b\xc9\x66\x77\xc5\xa0\x32\x2c\x6f\x69\x62\x56\xeb\x49\x42"
	"\x4c\xdb\xb0\xa4\x62\x3b\x5e\x38\x7e\xfe\xb6\x23\x1c\x26\xc4\x76"
	"\x2d\x49\x56\xc0\x01\x6e\x50\xdd\xba\x93\x3f\x5e\xce\xfb\xf7\x97"
	"\xea\xd7\x80\x2d\x82\x9a\x0c\x72\xbc\x37\x87\xcd\xd3\xcb\xfe\x6d"
	"\x34\x28\x3d\x96\xe9\xfd\x70\x66\x47\xd0\x5e\x20\xb5\x65\x57\x56"
	"\x57\x43\x25\x0d\xb6\xe5\xea\x12\xda\x14\x65\x56\x75\x13\x67\x72"
	"\xb1\xa9\x5c\x64\xb1\x90\x43\x18\x36\xe2\x74\xde\xf5\x0f\xd2\x38"
	"\xc9\x66\xba\x26\x60\x7f\xb2\x63\x75\x82\xf3\x57\x38\x57\xe7\x99"
	"\xe6\x68\x48\xb2\xfb\x79\x92\x61\x52\xe3\x30\xc3\xba\x2b\x8b\x75"
	"\x5d\x22\x65\xad\xc9\xe8\x04\xcd\x62\x36\x41\x11\xee\x9f\xda\xa8"
	"\xc4\x87\x91\x90\x34\x86\xcd\xcc\xe5\x71\xee\xc4\xfd\x6d\x63\x5c"
	"\x5e\x98\x19\x9a\x23\x6e\xc6\xd7\xcc\x63\x47\x9b\x23\x3e\xd1\xdf"
	"\xc0\x3a\x50\xd4\xd7\xd4\x9c\xf5\x85\x79\xcd\xf0\x1c\x7e\xed\x5f"
	"\x81\xf7\x03\xc3\xa0\xe7\xfd\xa9\x36\xf9\x14\x14\x10\x47\xbe\x97"
	"\x43\x92\x89\x60\xa0\x2a\xbd\xae\xac\x7c\x81\x25\x00\xde\xce\x6c"
	"\x4c\x2a\xcc\x5e\x72\xc7\xd6\x7c\xd5\xeb\x3b\xdc\x79\x90\x89\xc3"
	"\xa6\x7e\x94\x94\x3c\x2e\x60\x4a\xd2\x35\x16\xd0\x38\x89\xb7\x33"
	"\xcd\xc1\x4e\x8b\x24\xd3\x10\xfd\x02\x27\x4d\x91\x73\xe0\x91\x22"
	"\x27\x1a\x27\x21\xc7\x40\xf6\x20\xca\xbb\x12\xe5\xf7\x10\x50\xba"
	"\x6f\x2b\xb1\x8c\x78\x0e\xe4\x72\x95\xff\x53\x1f\x3e\xdf\x98\xdd"
	"\x7c\x45\x79\x11\x41\xbc\x4d\x48\xa1\x41\xb2\x75\x3f\x54\x06\xa0"
	"\x0b\x2f\x87\x48\x5c\x5e\x1c\xf7\x69\xac\x9e\xec\xcb\x3d\x95\x57"
	"\xe6\x91\x3b\x34\xfc\x0b\x9b\xbd\xac\x18\xf6\x4f\x91\xa7\x71\x8c"
	"\x68\xb5\x16\x82\x84\x04\x59\xf8\x38\xa1\x1f\xdf\x4e\x5c\x95\xdd"
	"\x1d\xbf\x26\x56\x35\x04\xca\x13\xaf\x7d\x92\x94\x77\xe9\xca\xe3"
	"\xf1\x06\x51\x14\x84\xd9\xcb\xb6\x5e\x69\xb8\xab\x84\xc7\x14\x54"
	"\xa3\xa0\x3c\x14\x25\xd3\x75\x02\x9d\x64\xc4\xcb\x70\x04\x04\xc2"
	"\x64\x00\x64\xcf\x1d\x4b\xc0\xb2\xea\x08\x9e\x47\x7c\xbd\xbd\xd6"
	"\x77\xc0\x71\x46\x19\xae\x31\x4d\xd6\x3d\x7f\x59\x41\x6c\xfe\xb1"
	"\x81\x6a\x6d\x90\x3a\xb6\x50\x9d\x47\x2b\x3f\xc8\xd9\x88\x13\x8c"
	"\xd6\x75\xe5\x1d\xbc\xd5\xa6\x7a\xf9\xdb\xb7\x3d\x38\x73\xff\xfd"
	"\xe7\x5f\xcd\x8f\x7f\xbf\x3d\xd7\xbf\x3a\x3e\xc6\xe3\x2f\xb2\xb3"
	"\x37\x5e\x20\x56\x27\xbe\xd7\x49\x9e\xd5\xba\x1f\x77\x58\xc2\x04"
	"\xb9\x07\x15\x41\x5c\x16\x62\xd3\x42\x30\xf8\x1c\xf5\xd4\x82\x46"
	"\x22\x07\x8c\x05\x12\x98\xb9\x08\x84\xde\x18\x01\x01\x05\x79\x27"
	"\x41\x13\x7b\x90\x07\x60\x5d\xda\x7f\xd6\x86\xca\xbf\xdc\x21\xca"
	"\x74\xb1\x60\xab\xe9\x9f\xa6\x6e\x39\xc6\xec\x12\x86\xe8\x81\xb4"
	"\x84\x4b\x80\xc4\x45\x92\x94\x3c\x30\x51\xe7\x0d\xd3\x76\x1a\xe1"
	"\xeb\xee\xf5\xf4\x01\x1b\xfd\xe7\xe9\xfb\x69\xb2\xa8\xb3\x1a\x5c"
	"\x47\x9f\xfb\xfd\x0c\x13\x67\x41\x7d\xee\x82\xc7\x6e\xea\x82\x5e"
	"\x59\xc5\x6a\x32\xff\xd8\xbf\x3c\x4f\xd2\x8b\x9f\x4d\x2f\x3e\xd3"
	"\xc2\x03\x4d\xd1\x38\xce\x66\xf7\x7d\x9a\x75\xde\x1e\xd8\x19\x43"
	"\x36\xc6\x35\x29\x4a\x5a\x6f\x79\x1d\xa3\x80\x65\x4a\x91\x4e\x6e"
	"\xcd\x92\x7b\x15\xf9\xdf\xca\xae\x6d\x39\x6e\x9b\x49\xbf\x8a\xca"
	"\x57\x7b\xb1\x89\x35\x63\x59\x96\x52\xe5\x0b\x90\x04\x67\x60\xf1"
	"\x24\x82\xd4\x68\x74\xc3\x92\xe5\x89\xad\xfd\x63\xc9\xa5\x43\x25"
	"\xd9\xa7\xdf\x6e\x80\xe4\xe0\xd4\x18\x6d\x55\x1c\x7b\xd0\x1f\x71"
	"\x46\xa3\xd1\x68\x74\x6b\xc7\x93\xd0\xff\x2d\x83\x09\x90\xd7\xb1"
	"\x6f\x87\x82\xc1\x06\x7c\x51\x4a\x22\x17\x74\x84\x44\x44\x69\xd8"
	"\x83\x58\xdf\xd5\xca\xf4\xce\xf1\x68\x66\x94\x22\x4a\xc8\x07\xdd"
	"\x30\x40\xa5\x52\x1e\xcd\x4d\x15\xc9\xaf\xe1\x7f\xca\x05\x81\x3d"
	"\x40\x1a\x82\x81\xf3\xb2\x1a\xb7\x8d\xac\x8b\xd0\x6d\x52\x29\xa4"
	"\x93\x19\xce\x47\xd9\x31\x27\x0b\x68\xed\xb0\xae\x6b\xb4\xe2\xf1"
	"\x7b\x85\x5d\xa5\x6e\x77\x4c\xb1\x65\xd4\xa4\x19\xbd\x36\x18\xc3"
	"\xab\xbc\x7b\x1a\x73\x6a\xca\x6c\x23\x3a\x3b\x8e\xa9\x4e\xf1\x2c"
	"\x4e\x6c\xb1\xdc\xac\xaa\x96\xd3\xf1\xce\xc2\xae\xa5\x4e\x2f\x84"
	"\x5c\x66\xf1\xa3\x80\x86\x1c\x3c\x09\x8c\x30\x47\x2c\x0c\x83\xd8"
	"\xf1\xd2\xaf\xe2\xbe\x9c\x91\x1e\x29\x02\x11\xd1\xda\xb0\xf3\xd3"
	"\xee\xc3\xf5\xe9\x5b\x30\xe8\x4b\x31\x82\x9b\x61\x45\x06\x62\xe8"
	"\x9a\xb5\xfc\x4d\x99\xa6\x6d\x8a\x21\x58\x09\x33\x27\x17\x4d\x47"
	"\xbb\x9f\xb5\x19\xab\x8f\xa4\xc6\xc8\x05\x1d\x68\x91\x01\x84\x72"
	"\xf1\x35\xc0\x1b\xc1\x4b\x0f\x4c\x42\x43\x03\x6c\x56\xcf\x1d\xe2"
	"\xbc\x50\x61\x6b\xae\xd4\xf6\xa8\x6f\xd3\x43\xac\xd2\xab\x1c\xc8"
	"\xc4\xd4\x6d\x95\x0d\x71\xfb\x64\x02\x35\xfd\x00\x85\xea\x98\x35"
	"\x6a\x8d\x3e\x8f\x8c\x78\x12\x2c\x50\xae\xb8\x7d\xb8\xfd\x6e\x3b"
	"\xc2\xbd\x00\x71\x31\x77\xc2\x93\xcd\xb6\xf8\x28\x31\xb6\x93\x3f"
	"\x1c\xa3\x1f\x46\x07\x39\xa2\xaa\x94\xb7\x19\x15\x17\xd9\x27\x67"
	"\x42\x2a\x63\xcc\xa4\x47\x57\x7b\x75\x66\x98\x0c\x17\x52\x0c\x22"
	"\x47\xbb\x41\x9b\x19\x19\x7e\xb3\xed\x54\x72\x9b\x62\x49\x1a\xd8"
	"\x63\x90\x75\x25\x69\x08\x3b\x9a\xfe\x53\x9f\xec\xc3\xe0\x79\x5f"
	"\x96\x75\xd7\xd5\xd4\x6e\x88\x9f\x6a\x00\xb5\x1f\x62\x16\xeb\xd7"
	"\xaf\x74\xc9\x6b\xe5\x39\x26\xf8\x4d\x8a\x51\xb6\x62\x1f\x4e\x6c"
	"\x91\xf8\xfa\xe1\x41\xbd\xa1\xdb\xbd\xe0\x5f\x91\x16\xe8\x9c\xaa"
	"\xec\x60\x23\xc8\x2c\x83\xe8\xe4\xf1\xf1\x05\xcf\xa1\xdd\xfd\xcf"
	"\x1d\x5e\x69\xdf\xfd\x27\xde\x18\xdc\xa8\x52\xaa\x35\x81\xcc\x76"
	"\xf0\xf3\xe7\xe3\xb7\xdd\xa1\xa6\xa9\x7c\x07\x5e\xad\xc8\xf6\xa1"
	"\xc1\x76\xb0\x6a\x40\x30\x4e\x4d\x3d\xba\xfa\x99\x57\xc5\x5e\xac"
	"\x37\xd2\xe7\x17\x59\x20\x2c\x48\xc2\x81\x9f\x09\x87\xc5\xa2\xd6"
	"\x1b\x3e\x78\xda\x30\x42\x62\x50\xb1\x9f\xb0\x19\x6e\x58\x4e\x8f"
	"\x48\x45\x50\xf2\x81\xd2\x09\x42\x42\x02\xe1\x3c\x34\x07\x75\x84"
	"\x9a\xfb\x5b\x7f\x2f\xb9\x6a\x93\xd3\x51\xbe\x30\xa0\x92\x4b\x56"
	"\xb1\x95\xdd\x0a\x95\x4e\x1a\x25\x28\xea\xfa\x2a\xd2\x95\xa3\xc3"
	"\xc7\x26\x23\xce\x7e\x36\x0a\x0f\x68\x25\xa7\x9c\xb2\x6a\x2c\x7a"
	"\x32\x22\x8c\xa1\xd2\xb4\x6f\x26\x16\xf9\x86\xd2\x5a\xb9\x21\x0e"
	"\x83\x52\xc0\x7e\x5c\x5f\x35\x91\xed\x08\x07\x43\xa9\x37\x84\x74"
	"\x82\x0a\x4c\xd3\x67\x2a\x27\x49\x17\xcd\x72\x48\x79\x1b\x7c\x79"
	"\x90\xf7\xbc\x58\xb1\x1e\x03\xd5\x51\x3c\xfd\xaa\x2e\xb4\x63\xd6"
	"\xa1\xeb\x2b\xfd\xc4\xdc\x5a\x21\x5f\x6f\x5f\x5e\xf0\xe1\x98\x77"
	"\x34\x1d\xb7\x01\xe3\xa0\xb1\x3f\xbf\xdb\x24\x15\x28\x02\x56\xd4"
	"\x96\xd0\xd3\xcc\xeb\xe0\xea\x66\x03\x49\x29\x6f\x08\xc7\x9c\x18"
	"\x27\x7a\x46\x13\x77\x07\xbc\x89\x23\xc6\x65\x9a\xf7\x45\x31\x24"
	"\x5b\xb4\x20\x0f\x2b\xf5\x9b\x8c\x75\x7c\x6e\x09\x06\x1d\x24\x6e"
	"\x63\x61\x06\xf7\x6d\x3b\xe9\x47\x30\xcf\x8e\x97\xa1\xc1\x9d\xf2"
	"\x4a\x85\xb4\x1c\x0c\x37\xad\xf2\x95\xac\x8c\xd9\x31\x66\x60\xb8"
	"\x8f\xe4\xe2\xf8\x78\xf8\xd2\x54\xb1\x0e\x52\x95\x19\x37\x71\xda"
	"\xd7\xee\x34\x28\x4d\x79\x18\x34\xd5\x19\x78\x28\xfd\x02\xd4\x05"
	"\xc7\xc4\x9f\x49\x46\x90\xea\xf5\x1e\x6b\x58\x2a\xba\x2d\x2a\xbc"
	"\x88\xc1\x1a\xea\xba\xa1\xe2\x24\x70\x58\xd3\xc4\xfb\x57\xe4\xae"
	"\x2d\xac\xf5\xf8\x82\x65\x70\x1e\xb9\x00\x79\x8d\x33\x15\x05\x67"
	"\xd8\xb4\xc4\xa4\x02\x16\x15\xe9\xab\x8d\x52\x6c\x98\x1c\x3d\x32"
	"\xfa\x2a\x4a\x25\xe4\x97\x32\x3b\xea\x6d\x88\xae\x02\x09\x42\x9e"
	"\x54\x24\xb6\xe0\x37\xc9\x32\x21\xfa\xd2\x98\x82\x91\x49\xa4\x7c"
	"\xd0\xeb\x11\xa4\xdb\x7c\xb9\x1e\x58\xb1\xaa\x5b\xd1\xad\xcb\x48"
	"\x63\x43\x61\x12\xf5\x59\x79\x5e\xf3\x59\xdf\xe2\x5f\x29\x2b\xc2"
	"\xc6\xe3\xea\x7d\x8f\xe6\x50\x45\xb4\xde\x18\xb4\x03\xc5\x70\x5c"
	"\x8d\xb8\x9c\x60\x21\xa6\xeb\x15\x11\x2c\x4c\x1f\x46\xb1\x60\xb9"
	"\x64\xb2\xa0\xcc\x8f\x30\x9a\xc6\xd8\x16\xe2\x36\x36\x4b\xf6\x4d"
	"\x19\x59\x00\xe1\x94\x43\x2f\xf2\xd1\x4d\x78\xa5\xaa\x4a\xc6\xb1"
	"\x9b\xb8\xfb\xfa\x6a\x48\xbb\xb6\x08\xe9\xcb\x2c\xd9\x59\xab\xb6"
	"\xee\x9f\x7e\xfe\x7d\xfb\x64\xbe\x60\x31\xb5\x88\x32\x15\x43\xbe"
	"\xf1\x9e\x63\x60\xb2\x3a\xee\x11\x8b\x44\x3d\x9f\x4a\xe1\xe0\xda"
	"\xb4\x75\x57\xa7\x44\xf3\x72\xd1\x96\x1b\x86\xab\x84\x97\x25\xb1"
	"\xef\xe5\x9b\x21\xcd\x57\xfe\x1e\x6b\xbe\xe7\xd5\x8f\xb5\xd2\xd4"
	"\xb2\x6c\x5d\xd5\xf5\x0a\x59\xf6\x58\x46\xe0\xb6\xe0\xfb\xd3\xed"
	"\xd1\x9f\x53\xf3\x1d\x4b\xab\x7b\x7c\xf0\xaf\x54\xd0\x46\x8f\x64"
	"\xca\x8d\xf4\xb0\xa9\xdb\x6c\xf4\xf7\x68\xe9\xc3\xd1\x75\x7b\xdb"
	"\x37\x9d\x50\xac\x6a\x5b\xa5\xd4\x1b\x99\xe5\x40\xc8\x0b\x40\xfb"
	"\x30\x04\xdb\x09\x94\x13\x2b\x8a\x80\x4a\x40\x6e\x96\x23\x2b\x82"
	"\x3c\x1d\x52\x2e\x07\x74\xfc\x7e\x0d\x15\x2d\x7c\x12\x88\x0a\xb0"
	"\x82\xba\xad\x43\xe1\x95\xf2\x2b\x2e\xcc\x08\xdf\xd3\x27\x16\xcd"
	"\xac\xf1\x09\xe9\x14\xf2\x4b\x92\x59\xa7\x5e\xfc\x4d\x82\x31\xf8"
	"\x42\xe2\xf9\xe9\x6e\xb9\x90\xa8\x5d\xa6\x7a\xec\x0b\x4d\xba\xa6"
	"\x49\xab\x5c\x92\x63\x50\xa7\x11\x62\xd2\x45\xea\x52\x89\xc2\xff"
	"\x74\x6a\xdd\x52\x7d\xb7\xef\x56\x95\x80\x7a\x36\x3f\x15\xfe\xbb"
	"\x06\xf6\xd1\xfa\xc9\x81\x11\x9d\x48\xfe\x88\x8e\x25\xb4\x22\x05"
	"\xb6\xd6\x43\xc3\x2a\xff\xab\xf0\xa0\x6a\xaa\x72\xd3\x2a\xaa\x2f"
	"\x3c\x25\x03\xb4\x4d\xd9\x60\x94\x01\xbc\xae\x14\x41\x0d\x81\xae"
	"\x08\x9f\x7c\xe6\xd7\x0d\x07\x0e\x04\x50\xe9\x3a\x90\xa0\xe6\x2c"
	"\x72\xb5\x5c\xda\xd3\x4e\xa7\xcd\x59\x06\xfb\x5c\xe0\x6b\x50\xa0"
	"\x0b\x53\xa3\x0d\x27\x8a\x8c\xa9\x7d\x2a\x4c\x77\x7b\x25\x94\x8c"
	"\xdb\x98\x55\x1f\x9b\x2a\xaa\x42\x54\x5c\xfb\xe8\x0f\xcf\x74\xd4"
	"\xc1\x74\x5b\x27\x07\x9d\x18\x5b\x20\x23\x22\xe9\x05\xc8\xb4\x15"
	"\x9c\x09\x56\x95\x0a\xbb\x6b\xce\x20\xe9\xc6\x24\xce\xdc\x04\x31"
	"\x06\xf6\x45\xef\xc6\x56\x15\x18\x19\x0e\xf8\xb2\xaf\x3b\x23\x7a"
	"\xb4\xfa\x89\x41\x7d\xd4\x73\xd4\x39\x8a\xaf\x71\xcf\x88\x81\x2c"
	"\x46\x18\x70\xdf\xca\xf1\x42\xa5\x09\x54\x43\x35\xb5\x6b\xb9\xc5"
	"\x09\x2e\xf3\xb2\x1b\xae\x42\x8f\xf2\x35\x65\xe9\x54\x2f\xed\x0a"
	"\xdb\xc3\x57\x57\xe7\xf2\x84\x58\x9d\x8a\x91\x5a\x23\x9a\x3a\xe1"
	"\xe1\x4c\xa4\x1b\xb3\x62\xe2\x1c\x30\x3c\x05\xdb\x3a\x19\xed\x53"
	"\x81\x99\x65\xa2\xc5\x38\xc4\x19\x11\x52\xd5\xc0\xe2\xfd\x57\xf0"
	"\xb9\x34\x4c\x33\x8e\x77\x0a\x18\xfd\x54\xce\xae\x2a\x6e\xef\x7e"
	"\xd8\x91\xb5\x73\xa9\x78\xa9\x6f\x42\x9f\xfd\xd6\xd6\xe5\xfb\xec"
	"\x2a\x53\x9b\x9c\xb7\xc7\x09\x59\x9f\x9f\x9e\x1e\x5b\x5c\xe9\x4b"
	"\x5d\x08\x6e\x5c\x08\xdc\x00\xc8\x6e\x64\x9f\xe5\x4e\xcf\x6a\x0b"
	"\x90\x5a\xbe\xcf\x59\xf7\xbe\xea\xc2\x85\xe5\x0e\xfb\x2b\x25\x7c"
	"\x61\xa5\x5c\xb9\x10\xfc\x3d\xf9\x90\x4e\x41\xbc\x43\xd7\x67\x9f"
	"\x4f\x3e\x7c\x0a\xd1\x45\x8d\x52\x16\xde\x83\xbd\xbb\x7f\x7e\x3c"
	"\x3b\xfb\x78\xfe\xdb\xe2\x9d\x39\xdf\xf7\xd0\xbe\xcb\xcf\x42\xc3"
	"\x0d\x10\xf4\xd6\x86\x22\x9d\xcb\x93\x5d\x12\xca\xf3\xa2\xea\xaf"
	"\x87\x82\x25\xbc\xf8\xfc\xee\xf5\x8f\xc7\xaf\xff\xb3\xbb\x7b\x19"
	"\x9e\xfe\x78\xfe\x76\x77\xfb\xf4\x6d\xd8\xfd\x03\x87\xe2\x87\xdb"
	"\xbf\xfe\x78\xde\x3b\x63\xc6\x6c\x88\xf9\x84\xa4\x39\x22\xce\x1c"
	"\x55\xc4\xed\x10\x9d\x02\x72\x2e\xdb\xf2\x0c\xe3\xb6\x32\x9c\x5e"
	"\x36\x73\xd1\x98\xa9\x18\x20\x7b\xe2\x89\x93\x19\xdd\xbf\x36\xc2"
	"\xe8\xe1\xd7\x97\x3f\xcf\xde\xb9\x45\x2a\x19\x71\x68\xeb\x01\x3b"
	"\x88\x2c\x8f\x15\xc0\xc8\xb0\xf2\x58\x18\x9c\xa7\x74\xf8\x2e\x27"
	"\x2b\xab\xaf\xc9\xac\x88\xae\x9c\x6a\xed\x5e\x0c\xea\xe4\x04\x7d"
	"\x03\x00\xbf\xa0\x3b\x24\xc1\xb9\x49\x7c\x0a\x79\x06\xb7\xbd\xb1"
	"\x42\xb0\xc5\x0b\x8c\x4e\xe1\x0d\x99\x1f\xec\xa8\xea\x3c\xe1\x42"
	"\x5f\xfa\x3f\xef\x5e\xbf\x3d\x82\xac\x1a\x58\x42\x2a\x3a\xbb\x39"
	"\x1f\x54\x02\x3a\xb6\xef\x0a\x27\x51\xf5\x6e\x59\x57\xc2\x52\x9d"
	"\x2b\x12\xbb\x4a\x6d\xe5\x42\x8d\x3a\x01\x51\x64\x70\x28\x0a\x85"
	"\xd6\xd1\x85\x5a\x5d\xac\xcb\xed\xfc\xb4\xcc\x4f\xea\x4d\x23\x03"
	"\x38\x43\x54\xd6\x84\xb6\x1d\x83\x77\x65\x63\xf3\x1a\x95\xb0\x17"
	"\x14\x28\x63\x9c\x49\x8a\x0a\x2b\xe6\xfa\x15\x6c\x5e\xc9\x40\x38"
	"\x4e\xdc\x87\x64\x32\x99\x13\x9c\xd4\x75\xe4\xc2\xad\xec\x78\x69"
	"\x33\xf9\x16\xc3\x80\xd0\xa2\x21\xcb\x22\xb4\xdc\xa3\x4d\x52\x8e"
	"\x92\x20\x9c\xfd\x64\x4e\x84\xb5\x2e\x25\x23\x14\x07\x9b\xae\x30"
	"\x25\x12\xa8\x76\x67\xea\x56\x75\x26\x58\x2e\xd7\xfb\xf7\xca\x96"
	"\x1d\x25\x1c\x75\xe0\x90\x63\x97\xbc\xa6\xdb\x00\xa4\xa6\xe8\x49"
	"\x72\x12\xe9\x9a\x84\x26\x45\xbe\x4a\x5b\x56\x12\x24\x79\xd9\x33"
	"\xb9\x26\x88\x57\x91\x53\x41\x29\x2a\x98\x52\xd4\xb1\xa0\x8c\xb4"
	"\xbe\xa1\x69\x97\xd5\xf5\x49\x94\x7a\x4a\x53\xdb\x40\xa1\xd3\x32"
	"\x52\xea\x25\x63\x59\x69\x75\xd3\x4d\x21\x92\x59\x1a\xb7\x56\xb4"
	"\xa6\x17\x37\xf5\x4c\x0e\x6b\x1c\x26\xdc\x49\x10\x67\xa3\xc6\xd8"
	"\x9a\x5e\x2d\x46\x1b\x01\x3b\xb1\xb5\xbd\xf7\xc0\x22\xba\xa2\xda"
	"\xdd\x47\xce\x58\xbc\x83\xe3\xf7\x85\xb9\x0e\x43\x51\x7f\x0a\x63"
	"\xdd\xc2\x8f\x69\xbf\xb2\xe4\x00\x83\x3c\x6d\x74\x03\x6c\x74\x16"
	"\x43\x36\x69\x9f\x08\x7b\x4d\x1b\x44\xd8\x4a\x5b\xa0\x33\xe2\xd5"
	"\x82\x03\x5a\xbe\x05\xf4\xa6\xe2\xde\x50\x71\x2a\x20\x8e\x03\x5a"
	"\xbc\x05\xf4\x96\x8a\x13\xe6\xf4\x0e\xe8\xe4\x2d\xa0\xb7\x74\x01"
	"\xf1\xf4\xde\x01\x9d\x1f\x06\x9d\xdb\xaf\xcc\x82\x90\x8f\xc7\xe4"
	"\x24\x3a\xff\xf0\x86\xce\x39\x3f\x79\x43\x45\xce\x3e\xd1\x9d\x03"
	"\xf2\x39\xce\xf2\xe1\xec\x70\x36\x8b\xe5\x5b\x26\x23\xa0\x16\x44"
	"\xb3\x99\x4c\x85\xb0\x57\xdb\x54\xfc\xc2\xed\x86\x89\xb0\x3c\x58"
	"\xf3\x0f\x07\x11\x87\x5b\xff\xf1\x20\xe2\xf4\x20\xe2\xd3\x41\xc4"
	"\xf9\x41\xc4\xe2\x70\x63\x16\x87\x5b\xb3\xa0\x9b\x73\x51\x8b\xb3"
	"\xa1\x8d\x93\x7b\x92\x5c\xb2\x14\x77\x1a\x22\xd6\xf9\x84\x48\x79"
	"\xd1\x11\x17\xa6\x7b\x08\x08\x12\x7d\x5b\xc7\x41\x6d\x0d\x02\xf1"
	"\xa1\xc2\xb6\xad\x28\x8a\x03\xc5\xad\x18\x3f\x08\x69\x39\xbf\x88"
	"\x22\x44\x8a\x51\xde\xb3\x38\xa6\xea\x89\xc0\x87\x56\xf7\x1d\x6a"
	"\x54\xd7\xb7\x17\x8e\x43\x4b\x03\x81\x07\x50\x73\xb9\x64\x05\x11"
	"\xf9\xb5\x12\xa9\x73\xbf\xa2\xce\x08\x17\x70\xb2\xdc\xfd\x75\xf4"
	"\xe3\xf6\xee\x3f\xf7\x0f\xdf\x27\x3d\xf6\xaf\xa7\xfb\x87\x97\xff"
	"\x68\x33\xfd\x9f\xbb\xe7\xef\xbe\x3b\x74\xa5\xa9\xd1\x8e\xf0\x4c"
	"\x5f\x98\x6a\x63\x47\xa3\xbe\x02\x4e\x29\xc5\xbc\x7f\x7e\xda\xbb"
	"\x69\x42\xd9\x33\x80\x38\x31\x24\xbb\xba\xee\xa6\xfc\xd5\xf9\x34"
	"\x7c\x5d\xb2\xad\x18\x7a\x06\xf3\xb4\x41\x93\x0f\xce\x5f\x70\xec"
	"\xf9\xed\x05\xed\x38\xee\xd0\x8e\xe3\x59\xb5\xe6\x4e\xa7\x3f\xf9"
	"\x0d\x9a\xec\x25\x73\xcb\x3f\xd3\x3e\x15\xb5\x30\x7d\xca\xc3\x43"
	"\x6e\xc0\x40\xa0\x25\x46\xdd\x00\x65\x1b\xd6\xe6\xe1\xb5\xbb\xca"
	"\x12\x0c\xf4\x24\x9a\x2e\x28\xda\xeb\x0b\x65\xd4\x8d\x41\x7e\x0d"
	"\xde\xc2\x75\xdc\x38\x14\x8d\xf4\xb2\x97\xe3\x21\xda\x50\x0b\x80"
	"\x24\xa5\xbf\xfc\xbc\xc0\xd8\xe8\xc6\x8d\x23\x94\x06\xfc\xb8\x04"
	"\xe1\xaa\xa4\xac\xf2\x59\xa6\x0d\x4e\x24\x35\xbd\x7a\x89\x31\x41"
	"\xb7\x65\x52\x17\x84\x88\x88\xe3\x5e\x6f\x2a\xe2\xea\x67\x8c\xf0"
	"\x4e\x48\xca\x50\x3e\x47\xfb\x4c\xd2\x54\x70\xb4\x55\xd5\x4a\x67"
	"\x3c\x73\x95\xac\x4b\xd7\x94\x95\x8a\x05\xd2\xbd\x59\x57\x44\x84"
	"\x8b\xb1\x62\x75\x9b\x42\xef\x71\x76\x81\x4f\x20\xdc\xc8\x66\xfb"
	"\x57\x67\xda\xae\x43\xbd\x78\xf0\x13\x67\xfd\x87\x1e\xa6\xcf\xc7"
	"\xff\x2c\x42\x28\x37\xc4\xb6\xae\x01\x9e\x77\x79\x31\x1b\xc9\xec"
	"\x7e\x3e\x3e\xfd\x7b\x94\xed\xbe\xbe\x7e\xff\xae\x57\xae\xdd\xd3"
	"\xfc\xba\xe3\x95\xa4\x34\xf0\x3a\x4b\x04\xb2\xa2\x20\xac\x12\x54"
	"\x36\x4d\x0d\x1b\x49\x45\xd9\x37\xec\xb3\x81\x29\x92\x47\x20\x6d"
	"\x8d\x46\x0d\xf4\xad\xbe\x46\xd5\x09\xde\x1a\x10\xc7\xb3\xa2\x4f"
	"\x26\x58\x45\x23\x50\x6f\x42\x5e\xf8\x8d\x1d\x59\xf2\xb2\x80\x81"
	"\xf4\xd7\xf9\x44\x89\xcd\xb0\x0e\xef\xee\x7b\x49\xc5\xf9\xd6\xa8"
	"\xab\xd0\x3d\xb5\x72\x4c\xba\x66\x72\xc2\x68\xc5\x94\x5f\x8b\x91"
	"\x10\xc9\x5e\x3b\xbb\xa3\x03\xeb\x8e\xc3\xa2\xe7\x29\x4c\x2d\xc2"
	"\xa8\x41\xc3\xd6\x62\x85\xfe\xc5\x09\x0f\x2f\xaa\xc2\x17\x4c\xb2"
	"\x6a\x7a\x48\x73\x18\x88\xee\xe4\xd8\x2a\x34\x0a\x23\x1d\xfb\xf0"
	"\xf3\xb1\xf7\x35\xd0\xd2\xfa\x6a\x50\x56\xed\x43\x93\xc6\x46\x61"
	"\x2d\xda\x4b\x5f\x6d\x8c\x8b\xe1\x08\x5d\x50\xbc\xfe\xd2\xec\x7e"
	"\x7d\xfb\xf0\xdd\x71\x43\x99\x77\x78\x75\xd3\x37\x71\x77\x54\x9a"
	"\x38\xac\xd1\xd2\xa4\x63\x32\x3c\x23\x36\x97\xc0\x3a\x80\x81\x64"
	"\x41\x93\x7e\x65\x70\x3f\xd4\xda\xa8\xc4\x7c\x4a\x65\x24\x0f\x57"
	"\xac\xe8\xf9\xfe\xed\x95\x26\xe2\xa6\x5a\xf7\xdd\x3e\x59\x02\xdf"
	"\xf3\xdc\xa6\xeb\xc4\x71\xc3\x32\xd3\xd4\x12\xb0\xce\xcc\x0a\xa9"
	"\x67\x2e\xaf\xb2\x83\x5c\x14\xcb\xbf\xe0\xbc\x39\xb0\xea\x41\x48"
	"\x2a\x1b\x3f\x36\x1e\xf6\xff\x9e\x2f\x1d\xfd\xd7\xf3\xaf\xfb\x07"
	"\x74\x2d\xf2\xfc\xdf\x47\x3f\x5f\x5f\x76\xff\xec\xe0\x1f\xbb\x97"
	"\xbb\xdf\x7f\xff\xdd\x0a\xc1\x38\xf2\x89\x0e\xf6\xae\x8e\x5f\xf3"
	"\xd8\x8c\x0d\x39\x1c\x76\x57\xc8\xc1\x4c\x36\x1b\x0d\x02\xb6\x51"
	"\x6f\x1a\x46\x3c\xeb\x19\x5f\x5c\xe0\x65\x61\x84\x51\xb6\xf5\xd5"
	"\x7c\x23\x18\x7e\xf3\x8e\x19\xe0\xb8\x44\x0a\x99\x82\x3c\x16\xd0"
	"\xf3\x07\xea\x82\xf6\x1f\xac\x11\xf3\x13\x27\x49\x17\x0a\x13\x1c"
	"\x6f\xfa\x68\xce\xbb\xef\x07\xfa\xbd\x94\x9a\x3a\x6a\x59\x9a\xd3"
	"\x4a\x6d\x9b\xd0\x2b\xb0\xf9\x4b\xce\x31\x24\x78\x0b\x22\x71\x5d"
	"\x46\x2a\x7f\xa1\x39\x7c\x04\x01\x7f\xae\x78\x9b\xd4\xc1\x5b\xb4"
	"\xe9\xfd\x8b\x6d\xcc\x34\x4e\x47\xa1\x08\xb1\x69\x13\x9b\xcd\x93"
	"\xf1\x50\x6c\xca\xa4\x20\x02\xc2\x59\x05\xf6\x66\x5f\xd7\xde\xa6"
	"\x3d\xb1\x19\xab\xc9\x81\xe4\xa0\xc2\xf9\xd0\xf0\xc0\x87\xc8\xc8"
	"\xf3\x38\x82\xca\xc6\x80\xe0\x4e\x00\xe3\x08\xc3\x35\xb1\x97\xd3"
	"\x63\x27\x13\xf7\x35\x91\x45\xe5\x97\x32\x12\x4a\x7b\x5c\x53\x97"
	"\xa3\x9c\xd4\xd2\xb1\x5f\xc7\x61\x56\x93\x13\x64\x14\x7c\xe6\x47"
	"\x44\x49\x80\x0a\xaf\xeb\xae\x29\xf4\xae\xdb\xf1\xa8\xc9\xd3\x34"
	"\x7e\x03\x6f\xdb\xba\x0d\xdb\x1f\xcc\xf7\x63\x96\x85\x82\x7d\x95"
	"\x2d\x0a\x59\xb0\xb0\x4d\x1b\x12\xb5\xac\x43\xb3\x02\x85\x29\xd9"
	"\x05\xca\x43\x97\x3d\x35\x64\x0a\x85\x9e\x5b\xf5\x48\xd0\x98\x1c"
	"\x57\x66\x78\x71\x43\x87\x54\xe9\xb6\xab\x43\xc6\x9f\x55\xdd\xe8"
	"\xd1\x6c\x9d\x08\x06\x79\x5f\x69\xd9\x37\x4e\x5d\xb5\xac\x59\x87"
	"\x31\xd3\xb1\x2b\x9f\xd8\x01\x4d\x1c\x36\xa2\x5b\x63\xb8\x6a\xe9"
	"\x96\xa3\xc9\x65\x5a\xf7\x55\x07\x80\xb4\x6e\x33\x07\x82\x17\x51"
	"\x6a\xae\x22\x12\x64\xd0\xaa\x73\x33\x49\xc7\x0f\x75\x2e\xc6\xbd"
	"\x8f\xaa\xb5\x7a\xd5\xec\x54\x51\x97\x9a\xe2\xcc\x33\x02\xc5\xaa"
	"\x18\x20\xca\x03\xaf\x71\x8a\x52\xd6\x73\x88\xb7\x4c\x3c\x70\xfe"
	"\xe1\x94\x1d\x1f\x97\xb9\xfd\xe3\xe1\xc7\x04\x3f\x46\x6f\xee\xf1"
	"\x52\x67\x60\x28\xab\x3e\xdc\x70\x41\xf2\xd1\x15\x24\x5c\x43\xb5"
	"\x97\x20\xe4\xe4\x6f\xc8\x28\x06\xd1\x22\x43\x04\xb0\xde\xc0\x0c"
	"\x0c\x00\xec\x73\xe8\x74\xde\xd1\x38\xdb\xf4\x45\x0f\xc7\x38\xd0"
	"\x21\x61\x71\x1c\x49\x59\x81\xfc\xba\xae\x2d\x96\xef\x90\x66\x51"
	"\xd7\x35\x83\x9f\x34\x0a\xb0\x31\xc1\x80\x01\x2b\x56\xb6\x3b\x55"
	"\x5d\x71\xe7\xda\x52\xa5\xb3\x0a\xb8\x08\x9e\xa7\xc7\x0f\x08\xf9"
	"\x61\x86\xa3\x51\x77\x0c\xa8\x25\xae\x48\x27\x26\xc5\x85\x0a\x44"
	"\xac\x9c\x38\x87\x9f\x72\xf6\x2a\x1c\xc2\x38\xe0\xfb\x19\x94\x34"
	"\xb9\x97\xe6\x20\xed\xce\x52\x6b\x68\x48\x80\x67\xac\x4b\xd6\x12"
	"\xc1\x65\xf7\x6b\xe1\xff\x81\x84\x56\xc2\xe6\xd3\xd0\x1b\x94\x1e"
	"\x68\x0e\xa2\x2e\x1e\x45\xd4\x15\x0c\x31\xda\x98\xab\xae\xbf\x7a"
	"\xb9\xe9\x3a\x7c\x37\x27\xa5\x24\xbd\x84\xeb\x73\xf2\x80\x75\xa7"
	"\x54\x0d\x25\x53\xe2\x53\x58\x75\xd4\xbe\x3e\x28\xad\x51\xb7\x7b"
	"\x7e\x71\xf6\x72\x6c\xa2\x92\x32\xe0\x1c\xd1\x12\x8d\xe5\x31\xea"
	"\xfc\x68\x57\x1b\x71\xd3\x7b\x7a\x82\x66\x4c\x91\x30\x48\x68\x3a"
	"\x85\x1d\x1a\x87\x69\x67\x0d\x34\x5d\x8b\x9c\xa7\x27\x41\xd9\xcf"
	"\x6e\xd2\x9a\x5f\x67\xd4\x73\x01\xdd\xe6\x4e\x4d\x8a\x35\x2f\x1a"
	"\x6a\x74\x14\xee\x02\x80\x1d\xe1\xb8\x5f\x01\x94\xe6\x2f\xa7\xe9"
	"\x89\xe8\x28\xa3\x5f\x45\xef\x7b\x91\xd1\xd4\x16\x0e\x9a\xeb\x8e"
	"\x34\x72\xd7\x6d\x65\x44\xfc\x20\x3d\xfe\x17\x65\xa4\x70\x89\x9c"
	"\xa8\x6e\xb6\x91\xfa\x37\x91\xc6\x85\xcc\x8e\x9d\x7e\x56\x26\x1a"
	"\x91\x1a\xd0\x2a\xd3\x71\x9c\x58\x27\xd4\xe3\xfc\xd8\x20\x95\x75"
	"\xa4\x0f\x4b\x5e\x92\xaa\x87\xa9\x0c\x3c\xa4\x10\x10\xf8\x9c\x9c"
	"\x6b\x5a\xbd\xa3\x5e\xc0\xe0\x5b\x2d\x65\x16\x4d\xa9\x7b\x58\xd9"
	"\x14\x3c\x62\xdc\x8d\xef\x2d\x56\x59\x62\x72\x11\xfc\x1d\xd6\x5f"
	"\x26\x92\x55\x71\x9d\x0d\xba\x89\x18\x84\x54\xc2\xdf\x86\x67\x9e"
	"\x6d\x7b\xe7\xae\x0f\x83\xd8\x57\x1b\x51\x65\xfe\xa1\x05\xa7\x4b"
	"\xec\xac\x57\xd0\x87\xa0\x02\x4d\xfa\x0a\x18\xed\xcf\xef\x7e\xde"
	"\xde\xfd\x78\xff\x0d\x0f\x1f\xbf\xc1\x3f\x9f\x1e\x7f\x97\xef\xbc"
	"\x82\x80\x47\x0f\x67\xce\x9d\xdd\xac\xbb\x9d\xae\xec\xf7\x59\xaa"
	"\xdc\xde\xbf\x3e\xa0\xbe\x1c\x9d\x2a\xfd\xfe\xe3\x9d\x19\x7d\x0b"
	"\xf5\x0e\x93\x38\x24\x32\xc2\x3b\x70\x0d\x59\x8a\xd5\xda\xd7\x10"
	"\xc8\xdd\xdd\xeb\x13\xba\x01\xf2\x94\xf0\x38\x2b\xad\x9d\x19\x58"
	"\x09\xb0\x5b\x94\xc6\x80\x84\x0c\x86\x30\x06\x19\xbf\x25\xde\xa2"
	"\x28\xab\x15\xd8\x3a\x48\x08\xba\xaa\xc8\xd6\x86\x89\x31\xa5\x38"
	"\xee\xb5\xa9\x6d\xc9\xa5\x72\x55\xa3\xac\xa4\xc3\xef\x1b\x35\x52"
	"\x1d\xdd\xc6\x2d\x6d\xc2\x5b\xcf\x8f\x7b\xd7\xa0\x77\xfe\x14\xed"
	"\xd9\x94\x10\x85\xfe\x13\xe2\x15\xca\x65\xac\x0e\xa3\xed\x43\xb0"
	"\x90\xc9\x2e\xe2\x3a\x6f\xcb\x78\x9b\x5d\x15\xc9\xfc\xd6\xba\x44"
	"\xe7\xfe\x0d\x5a\xc1\x0c\x2c\xcb\xda\xcf\x27\xc7\xe7\xa7\xd6\x4a"
	"\x5c\xb3\x16\x8e\xcd\xd0\xfd\x38\xdb\x91\x37\xea\xf3\x93\xfd\x12"
	"\xdb\x03\x59\x16\x44\x5e\x0e\x78\x0c\x93\x4d\x70\xc9\x8e\x0c\x0e"
	"\xa1\xf8\x8e\x47\x6f\x48\x46\x9f\x87\xc8\xaa\x75\x9f\xdf\xbd\xd7"
	"\x66\x72\x68\x70\xf9\xfe\xeb\xfd\xc3\xfb\xdb\xdd\x6e\xb8\x7b\x7c"
	"\xda\x0d\x7f\x3e\x3e\xfd\x7d\xfb\xa4\x5c\xce\xb8\xfd\x32\x5a\x6f"
	"\x06\x7b\x77\xb2\xec\xc4\x1b\x2d\xe5\x9d\x25\xde\xc5\x13\x7c\x7c"
	"\xb6\x16\x1b\xd3\x19\xca\x95\x73\x7d\x7f\x4a\xcd\x08\x74\xb2\x31"
	"\x69\x04\x29\x8c\x52\x08\xc2\x81\x15\x5f\xdd\x8c\x2a\xc9\x63\x12"
	"\x2c\x45\x06\xf3\x52\x6d\x92\xb8\x17\xcb\xcf\xe7\xa1\xa6\x94\x8c"
	"\xf4\xe9\x30\x42\x40\xf6\xa8\xb7\x75\x1c\xc3\x1a\xe8\xb6\x92\xd0"
	"\xd1\xce\xa8\xa2\x66\x59\x43\xbd\xbd\x9a\x40\x5b\x56\xb2\xa0\x5d"
	"\xf4\xde\x88\xcd\x12\xaf\x56\xba\x1d\x93\xa9\x7c\xec\xd3\x81\xf5"
	"\x99\xb0\xce\x27\xa2\x24\x22\xea\x04\x2f\x06\xa6\x53\x52\x6c\x4e"
	"\x79\x18\xc7\x01\x34\x01\xfb\xfc\xee\x79\xf7\xd7\xfd\xc3\xeb\x3f"
	"\x96\x89\x2d\xf1\x54\x38\x6b\x34\x23\xec\x03\x81\xc6\xe7\x7b\x62"
	"\x58\x05\xca\xed\xdb\xa3\xfd\x2a\x7f\xbc\x8f\xba\x7f\xb8\x47\x47"
	"\xb8\xf7\xff\x7b\x3b\xba\x8d\x9e\xfb\x4a\x8c\x62\x81\x77\xfa\x32"
	"\x48\xd4\xb3\x3c\x05\x51\xcf\x27\x0a\x34\x0c\x1d\xdb\x48\xc8\x05"
	"\x13\x18\xa3\x91\x1e\xc2\xee\x7b\x53\x86\xa3\x41\xe2\xc6\x51\xcf"
	"\xd6\xf2\x4f\xff\xfe\x7a\x79\x3c\x42\x8e\x70\xf4\xf8\x74\xf4\x63"
	"\xf7\xd7\x2f\xf5\xf4\xcb\x02\xe3\x1b\x0f\x38\x5c\x18\x5a\x03\x33"
	"\x79\xe9\xa7\x73\x96\x05\x13\x7d\x28\x1c\x17\x53\xd1\xac\x4d\x6e"
	"\xe6\x52\xfc\x8f\x70\x9d\x06\x13\x7d\x68\x6b\x29\x3b\xe6\xb4\x20"
	"\x70\xbe\xb8\xf7\xaa\x4e\xd6\x84\x51\xb5\xbf\x68\x9a\x00\x1a\x85"
	"\x92\x40\xd1\x92\x59\xcf\x2d\x74\x6a\x46\xc4\xfb\xd4\x54\x9e\x66"
	"\x6b\x72\x70\x0d\x57\x01\xc1\xf4\x65\xa0\x38\x57\x6c\x0b\x7e\x38"
	"\xbf\x3e\x56\x1a\x7a\x2f\xfb\x55\xbe\x58\x9e\x95\x7d\xe1\x11\xaa"
	"\xbe\x08\x27\x86\x6a\xd2\x50\x8f\x85\x46\x3a\x6e\xee\x97\x3d\xef"
	"\xb9\x97\xa3\xfa\x2b\x0b\x64\x59\x6a\x0a\x9d\x27\xeb\xbb\x35\xc8"
	"\x54\x81\x4f\x09\xf5\xf3\x48\x95\xa2\xcc\xa6\xa5\xc4\x5e\x5f\x7e"
	"\xa0\x73\xcf\xbb\xdb\x97\xdd\xb7\x23\xfe\x70\x87\x4b\x0b\x23\x87"
	"\xff\x7d\xff\xf2\xe3\x88\x3d\x3f\x3f\xde\xdd\x2b\x52\x76\xfb\x72"
	"\xeb\x2d\xb1\x34\x2d\xfd\xfe\x4c\xcb\x40\x8d\xd2\x35\x3e\x69\x5e"
	"\x1e\x37\x75\xb1\x5d\x7c\x38\xfe\x18\xa9\x1d\xbf\x14\x57\x5e\xae"
	"\x1c\xbe\x06\x86\x72\x35\xd5\x3b\x51\x4e\xf2\xd1\x1d\xc8\xb3\x5f"
	"\xab\x24\xf5\x7b\xb9\x6b\x03\x69\x32\x50\x4e\x12\xa8\x7d\xd1\x6e"
	"\x62\xf3\xba\x81\x12\xe9\x06\x5d\xdb\x5a\xa0\x69\xad\xf1\x2d\xc6"
	"\xd2\x8b\x65\xcb\x32\xc1\xaa\xae\xf7\xe3\xe7\xad\x6f\x9f\x7f\x50"
	"\x6d\x87\xfd\xde\xe7\x32\xa1\xc4\x6b\xdd\x4d\x6e\xa1\x57\x65\x20"
	"\xa0\x41\x76\xff\x7d\xf7\xfc\xe2\x17\xd6\xa6\x1f\x96\x81\xbe\xc6"
	"\xe4\xd0\x1c\x68\xd3\x6e\x71\x9c\x89\x9c\xee\xab\xd5\xc8\x25\xbd"
	"\x1e\x0e\x4c\x1b\x6f\xbd\x64\x27\x11\x5e\x90\x7d\x0c\x2d\x31\x01"
	"\xd3\x0a\x75\x54\xd4\x6d\xfa\xc8\xeb\xca\x6c\x41\x78\xe6\x36\x10"
	"\x84\x01\xee\x1e\xb1\xfc\x78\x7a\x00\xf1\x61\x79\x1c\x59\x18\x6b"
	"\xb6\xf0\xfa\x1a\x12\x21\xdb\x50\xf2\xc7\x45\x68\x0c\x80\xf0\x21"
	"\x56\x89\x6e\xd5\x2e\xce\x97\x31\xc4\xa6\xf9\xb8\xf0\x7d\x05\xa7"
	"\xf7\xbf\x7e\x58\xaf\xcf\xe7\x0d\x34\x34\xf9\x21\x95\x8a\xe0\x38"
	"\x21\xaa\x3e\x11\x32\xc2\xfb\xda\xf4\x24\xb0\xfb\xd6\x1b\x8c\x39"
	"\x4d\x12\xf6\x7e\x9f\xbc\xb9\xc9\x4a\x5e\x14\x82\xc5\xea\x84\x8e"
	"\x16\x3e\x1e\x02\x9c\xd2\x75\xce\x82\x7d\x91\x7b\x3b\x87\xc7\x2a"
	"\xd6\xec\x86\x65\x31\x84\x64\x85\x64\xcb\xe8\xfc\x9b\x18\x70\x34"
	"\x1b\xce\xe3\xc5\xf0\xb6\x81\x13\x74\x74\xfe\x70\x46\x77\x00\x1c"
	"\x71\x83\xc3\x33\xa6\x3b\x5e\xb9\xd2\x51\xe5\x61\xc9\xaf\x73\x57"
	"\xe6\x78\xf1\xe6\xe5\x54\xdc\xd4\x81\x2e\x3e\x3b\x59\xd2\x95\x2a"
	"\x6e\x4e\x42\x1c\xff\xe6\x64\x1d\xe5\x09\x37\xb2\xf3\x1d\x68\xb5"
	"\xb7\x0f\xdf\x1e\x7f\x1e\x55\xaf\x3f\xbf\xee\x9e\xa6\x10\x2e\x4e"
	"\xd8\x96\x79\x82\x4b\x31\xa4\x4d\x1b\x7c\xfd\x33\xb5\xb2\xc5\x77"
	"\x6b\xbc\xea\xbd\x76\x2a\xca\xc8\xd6\x3d\x19\x4c\xd1\x28\xd5\xa9"
	"\x09\x4a\xbb\x36\x5e\xb8\x57\xee\x17\x81\x6e\x31\x38\x5e\xff\xda"
	"\x9a\x01\x43\x20\x53\x2a\xfd\x43\xe5\xcf\x40\x39\x0a\xa3\x6f\x02"
	"\xb7\x84\x59\x87\x8b\x43\xb1\x9d\x6e\x99\x3a\x31\xbb\x06\xa6\x13"
	"\x6d\x13\xd2\x1c\xca\x6d\x59\x72\xd4\x19\xa9\x73\x59\xb7\x6d\x8c"
	"\x99\x67\x10\x9b\x3e\x29\x46\x8c\xec\x13\x1b\x76\xfd\xf1\xf8\x5c"
	"\x7b\x6c\xca\x05\xda\x8a\xa2\x97\x58\x69\x4a\xbb\xcd\x45\x2a\x3f"
	"\xcd\x76\xb9\x33\x75\xaf\x82\x53\x74\xad\x15\xe6\x84\x97\x41\xfd"
	"\x0c\xb3\xe1\xfa\x69\xbc\x72\x14\x88\x85\x39\x9a\x5b\x3d\x1b\x31"
	"\x52\xca\x9f\x4a\xee\x7b\x3e\xfa\x13\xbd\x10\xdf\x7f\x7f\xd0\xbe"
	"\xb7\x95\x99\xae\xbe\x71\xd9\x3f\xf6\xe9\x30\xdc\x75\xdb\xcb\x51"
	"\x7d\xd7\x5a\x17\xac\x3e\x5d\x7e\x7e\xf7\xce\x7a\x2c\x84\x74\xed"
	"\xbd\xd5\xe8\x04\xea\x2c\x58\x57\x19\x6b\xb7\x6e\x79\x61\xb4\xce"
	"\x3a\x29\xe0\xdc\xaa\x6e\x84\x02\x60\x43\x01\x3c\x1f\x24\x03\x1b"
	"\xe3\x02\x11\x51\xfe\x37\x62\x86\x8a\x13\xe7\x58\x17\x18\xbc\x4a"
	"\x34\xb6\xee\x11\x44\x6c\xeb\x48\x25\xb6\xf6\x91\x14\xda\x58\x0f"
	"\x34\x62\x84\x0c\x49\x6c\x77\x1d\x31\xf6\xdd\xb8\x29\xa3\x05\x5a"
	"\x17\x10\xf7\x3e\x2c\xdf\x82\x1b\x77\xa6\x83\xbd\x5a\xad\x27\x31"
	"\xd0\x83\xce\xea\xe7\x0a\xe7\x8d\xbe\xb9\x9a\xf6\x91\xe2\xfe\xeb"
	"\xd3\xed\xd3\xbf\x47\x4f\x8f\xaf\x2f\xf7\x0f\xa6\xcc\x9c\x88\x0e"
	"\x1d\xf4\xc0\x4a\x73\x6c\x1a\xd4\x6d\x43\x88\xaa\xb5\xd2\xa6\x4d"
	"\xf0\xe4\xd5\x5c\x76\x6d\x95\x36\xdb\x21\x6f\xeb\x72\xf2\xcc\x10"
	"\x80\x14\xbc\x22\xa8\x15\xc7\x57\xec\xc2\x7c\xf9\x36\x7b\x4c\x4f"
	"\x05\xc6\x2b\x67\x8d\x4f\x12\xb5\xe9\x48\x1e\x6a\x8d\xfe\x0d\xd2"
	"\xb2\xb9\x4e\xd7\xda\xf0\xac\xe5\xb9\x39\x85\x52\x38\xb3\x01\x0f"
	"\xb7\x92\x16\xa7\xf6\x28\xa7\x83\x2f\xa6\x5b\x64\xd1\xf5\x43\xf8"
	"\x7c\xe9\x09\xfe\x38\x05\x22\x06\x6d\x23\x00\xb8\x26\x4f\xb6\x67"
	"\x81\x4f\x35\xe5\x84\xaa\x0a\x42\x58\xbb\xa1\x58\x89\x46\x24\x82"
	"\x12\x59\x52\x32\xe3\x4f\x21\x15\xbb\x48\xe6\x13\x8f\x89\x0d\x39"
	"\x1e\x50\x9a\xc8\x69\x94\x6c\x3f\x16\x48\x50\x43\x85\x8a\x15\xd6"
	"\x45\xcd\x79\xb5\x21\x5f\xbc\x0f\xd5\x9b\x51\xd8\xce\x6c\x81\x48"
	"\xa5\x7a\x62\x92\xf9\x7e\xd4\x4e\xcd\x78\x28\xfd\x64\x08\xa7\x5a"
	"\xe8\xbd\xc7\x9e\x1b\x24\x84\x9d\xf9\x28\xd2\x90\xa4\x5f\x82\xca"
	"\xd2\xf9\xe2\x6b\x75\x63\x86\x46\x30\x08\x5a\x4c\x73\x66\x7f\xe0"
	"\xfe\xa2\xe5\x68\x62\x5b\x17\x75\x69\x7a\x7f\x31\x53\xf1\x1e\xea"
	"\x8c\x20\x41\x81\x06\x09\x6f\xd5\x24\xc7\xb1\x0a\xa5\x0d\x17\x65"
	"\x13\x4c\x4f\xca\x60\x72\x2e\x4b\x53\x6a\x90\x75\x2a\x80\x9b\x28"
	"\x6e\xd3\xb2\xad\xc9\x81\x24\xae\x76\x5e\xba\x49\xca\x31\x82\xc5"
	"\x05\xd4\x85\x68\x69\x29\xe2\xe4\xaa\x88\x98\xc5\xa1\xc5\x45\x55"
	"\xd7\xcd\x40\xf9\xd7\x43\x00\xda\xbd\x13\x2e\x79\xd0\x8a\xa1\xb5"
	"\xaa\x90\x5d\x9a\xcc\xb0\xa8\x2d\xf5\x09\xfe\x8e\x4d\xdd\xaa\xb0"
	"\x7d\x72\xa4\xc5\x0d\xba\x7e\xb3\xd6\x57\xdd\x52\x8e\x3e\x33\xe2"
	"\xc2\x13\x0d\xb3\x60\xa7\x08\xdd\xd9\x96\x8d\x80\x75\x61\xcc\x65"
	"\x91\xe4\xa6\xb7\x75\x0c\x5d\xd0\xf2\x15\xc8\x11\xa6\xab\xe3\xbc"
	"\xae\xba\x80\xf1\x18\xa6\x9e\xfd\xb3\x38\x75\x92\x94\x2f\x58\x5e"
	"\xf0\xd4\x76\x1b\xbf\xf2\x5f\x24\xed\x49\x4d\x5d\x17\x0e\x23\x57"
	"\x86\xf8\xca\x4d\xa6\x30\x26\xb2\xd4\x56\x17\x76\x98\x04\x65\xf0"
	"\x11\x35\x1d\x19\x9f\x32\x88\x1b\x4f\x18\xfc\x3f\x6a\xee\x9b\x36"
	"\x05\x6c\x02\x00"
MAGIC_END;
